episode_count,baker,signature,technical,showstopper,result,series
1,Annetha,Light Jamaican Black Cake with Strawberries and Cream,2nd,"Red, White & Blue Chocolate Cake with Cigarellos, Fresh Fruit, and Cream",Safe,1
1,David,Chocolate Orange Cake,3rd,"Black Forest Floor Gateau with Chocolate Leaves, Fallen Fruit, and Chocolate Mushrooms",Safe,1
1,Edd,Caramel Cinnamon and Banana Cake,1st,UNKNOWN,Safe,1
1,Jasminder,Fresh Mango and Passion Fruit Hummingbird Cake,—,UNKNOWN,Safe,1
1,Jonathan,Carrot Cake with Lime and Cream Cheese Icing,9th,Three Tiered White and Dark Chocolate with Almond and Cherry,Safe,1
1,Lea,Cranberry and Pistachio Cakewith Orange Flower Water Icing,10th,Raspberries and Cream-filled Chocolate Cake with Chocolate-dipped Fresh Fruit,Eliminated,1
1,Louise,Carrot and Orange Cake,—,Never Fail Chocolate Sponge Cake with Fresh Fruit,Safe,1
1,Mark,Sticky Marmalade Tea Loaf,—,Heart-shaped Chocolate and Beetroot Cake,Eliminated,1
1,Miranda,Triple Layered Brownie Meringue Cake with Raspberry Cream,8th,Three Tiered Chocolate Fudge Cake with Handmade Chocolate Button Decorations,Safe,1
1,Ruth,Lemon Drizzle Cakewith Fresh Cream and freshly made Lemon Curd,—,Classic Chocolate Sponge wrapped in a Chocolate Collar topped with Handmade White and Dark Chocolate Truffles,Safe,1
2,Annetha,Rose Petal Shortbread,7th,Pink Swirl MacaronsEclairs,Eliminated,1
2,David,Cheddar Cheese and Fresh Rosemary Biscuits,8th,Choux Pastry SwansPlain Meringues,Safe,1
2,Edd,Oatmeal Raisin Cookies,6th,Pink MacaronsPassion Fruit Meringues,Safe,1
2,Jasminder,Millionaires' Shortbread,2nd,Meringues with Chocolate and Space DustCoffee Flavoured Eclairs,Safe,1
2,Jonathan,Ginger and Honey Cookies,1st,Meringues with Whiskey Cream and Chocolate,Safe,1
2,Louise,Stained Glass Window Shortbread,4th,"Strawberry, Mint, and Cream Meringue BasketsChocolate EclairsOrange, Yellow and Pink Macarons",Eliminated,1
2,Miranda,Fresh Vanilla Biscuits with Royal Icing,3rd,Pistachio Macarons,Safe,1
2,Ruth,Peanut Shortbread with Salted Peanut Caramel,5th,Almond Macaron with Violet ButtercreamRaspberries and Cream Eclairs,Safe,1
3,David,Chilli Bread,4th,Walnut and Seed RollRed Berry and Almond BunTomato and Herb Rolls,Safe,1
3,Edd,Olive Bread with Fennel and Cumin,1st,"Tomato, Mozzarella, and Chorizo RollsChelsea BunsHot Cross Buns",Safe,1
3,Jasminder,Focaccia with Sun-Dried Tomato and Rosemary,5th,Mango and Sultana BunsPain au Chocolat with Mars BarsTutti Frutti Wheels with Jelly TotsTomato and Cheese Rolls,Safe,1
3,Jonathan,"Anchovy, Sweet Paprika and Oregano Bread",6th,"Sticky Lemon Honey BunsOlive and Anchovy RollsSun-Dried Tomato and Fresh Herb RollsStilton, Walnut and Braeburn Apple RollsCinnamon, Cardamom, and Sultana Chelsea Buns with Icing",Eliminated,1
3,Miranda,Walnut and Apricot Bread,3rd,Lemon Iced BunsChocolate and Orange BunsCranberry Buns with Icing Sugar,Safe,1
3,Ruth,Maple and Pecan Bread,2nd,Chocolate and Orange PanettoneCranberry Bagels,Safe,1
4,David,Pear and Walnut Pudding,5th,Apple and Blackberry CrumbleRhubarb and Orange BettySuet Pear,Eliminated,1
4,Edd,Apple and Plum Pudding with Rum Caramel Sauce,3rd,Apple and Cinnamon CrumbleNutella Banana Brioche Bread PuddingRhubarb and Strawberry Suet Layer,Safe,1
4,Jasminder,Sticky Toffee Pudding,2nd,Bread & Butter PuddingTreacle Suet Pudding with Fresh FruitApple and Pineapple Crumble,Safe,1
4,Miranda,Sticky Toffee Pudding with Caramelised Walnuts,1st,Queen of PuddingsChocolate Pear Roly PolyStrawberry and Rhubarb Crumble,Safe,1
4,Ruth,Peach and Blueberry Boy Bait,4th,Apple & Ginger CrumbleRhubarb Suet PuddingCherry Queen of Puddings,Safe,1
5,Edd,"Chicken, Ham, Leek and Tarragon Pie",2nd,"Almond Sweet Tart with Ginger and Chocolate
Yorkshire Curd TartChickpea and SalamiRed and Yellow PepperAsparagus Gruyere Quiche",Safe,1
5,Jasminder,Chicken and Mushroom Pie,4th,"Jaggery, Carrot, and Spiced Condensed Milk TartFruit and Custard TartThai Chili and Red OnionDuck in Plum SauceSalmon and Prawn Canapés",Eliminated,1
5,Miranda,"Summery Salmon, Cod and Prawn Fish Pie",1st,Chocolate Pastry filled with Orange Cheesecake Chocolate Pastry filled with Milk Chocolate Ganache Strawberry Tart with Red Currant Glaze Cheesy CrabBroad Bean and Tomato Pastry HeartsPancetta and Leek Risotto Canapés,Safe,1
5,Ruth,Minced Beef Pie,3rd,Raspberry and Dark Chocolate TartCreme Patisserie and Cherry Tart Citrus Curd Tart with Creme Brulee TopRoasted Tomato CanapésAsparagus Pastry Twirls,Safe,1
6,Edd,Cinnamon and Banana Cakes,NA,Chocolate and Ginger TartsLemon Scones with Passion Fruit CurdRaspberry Choux BunsFinger Sandwiches,Winner,1
6,Miranda,Lemon Cupcakes,NA,—,Eliminated at signature,1
6,Ruth,"Mint, Ginger and Blackberry Cakes",NA,Red Pepper and Cheese Quiche TartsSultana SconesVanilla and Lemon Choux BunsFinger Sandwiches,Runner-up,1
7,Ben,Rhubarb and Custard CupcakesAfter Dinner Cupcakes,2nd,Vanilla Sponge with White Chocolate and Raspberry Buttercream,Safe,2
7,Holly,Cherry Bakewell Inspired CupcakesGinger Cupcakes with Fig Truffle,1st,Novelty Farm Cake,Star Baker,2
7,Ian,Apple and Cinnamon Cupcakes,10th,UNKNOWN,Safe,2
7,Janet,Raspberry and Cream Cupcakes,8th,Chocolate Marble Cake with Dark and White Chocolate Truffles,Safe,2
7,Jason,Lemon Meringue CupcakesApple and Cinnamon Cupcakes,6th,UNKNOWN,Safe,2
7,Jo,Chocolate Orange CupcakesOrange and Cardamom Cupcakes,11th,Chocolate and Strawberry Cake,Safe,2
7,Keith,Earl Grey Cupcakes,12th,Chocolate and Sour Cream Cake,Eliminated,2
7,Mary-Anne,Banoffee Cupcakes,4th,Chocolate and Raspberry Opera Cake,Safe,2
7,Robert,Blackberry and Vanilla Cupcakes with Liquorice Frosting,3rd,Genoise Layered Mousse Cake with Chocolate Ganache,Safe,2
7,Simon,Guinness and Chocolate Cupcakes,9th,Two-Tiered Chocolate Courgette Cake,Safe,2
7,Urvashi,Cherry Blossom CupcakesJapanese Lime Cupcakes,7th,Orange Blossom Celebration Cake,Safe,2
7,Yasmin,Cardamom and Pomegranate CupcakesLemon Meringue Cupcakes,5th,Three Tier Passion Cake,Safe,2
8,Ben,"Chorizo, Pepper and Gruyere Quiche",1st,Lemon Meringue Tarts,Safe,2
8,Holly,Pesto Quiche,4th,Milk Chocolate and Pistachio TartsTrifle Tarts,Safe,2
8,Ian,"Stilton, Spinach and New Potato Quichewith Paprika and Walnut Pastry",2nd,UNKNOWN,Safe,2
8,Janet,Quiche Printanière,8th,Red Fruit TartsChocolate and Cherry Tarts,Safe,2
8,Jason,Salmon and Pak Choi Quiche,3rd,Mint Chocolate TartsBlueberry Bakewell Tarts,Star Baker,2
8,Jo,"Caramelised Onion, Gruyere and Thyme Quiche",10th,Raspberry and Mascarpone Tarts with Lemon and Almond PastryHoney and Almond Tarts with Sweetcrust,Safe,2
8,Mary-Anne,"Roasted Cauliflower, Cheese andCaramelised Onion Quiche",9th,Butterscotch Brulée Tarts in Pecan PastryApple Rose Tarts,Safe,2
8,Robert,Smoked Bacon and Kale Quiche,5th,"Chocolate, Fennel and Ginger TartAlmond, Creme Patisserie and Poached Pear Tart",Safe,2
8,Simon,Smoked Haddock and Watercress Quiche,11th,"Passion Fruit and Ricotta TartsSalted Chocolate, Stem Ginger and Mascarpone Cream Tarts",Eliminated,2
8,Urvashi,"Crab, Coriander and Coconut Quiche",7th,Strawberry and Basil TartsElderflower and Honeycomb Tarts,Safe,2
8,Yasmin,Smoked Haddock and Watercress Quiche,6th,Chocolate and Orange Tarts with Cinnamon-Orange PastryBlueberry and Hazelnut Tarts with Hazelnut Pastry,Safe,2
9,Ben,"Walnut, Raisin and Rosemary Loaf",3rd,UNKNOWN,Safe,2
9,Holly,Picnic Loaf,6th,Stilton and Walnut Rolls,Safe,2
9,Ian,"Courgette, Caerphilly Cheese and Thyme Loaf",10th,Walnut and Raisin RollsCracked Wheat Logs,Eliminated,2
9,Janet,Zupfe Loaf with Gruyère Cheese,8th,"Apple and Walnut Granary Rolls
Red Onion Cottage Rolls",Safe,2
9,Jason,Cheese and Onion Tear and Share Loaf,7th,UNKNOWN,Safe,2
9,Jo,"Stromboli Flavoured with Mozarella, Ham, and Picante Peppers",1st,Spiced Orange RollsPumpkin Seed Rolls,Safe,2
9,Mary-Anne,Ploughman's Loaf,5th,Herb and Walnut BreadsChocolate and Chilli Buns,Safe,2
9,Robert,Rye and Coriander Seed Loaf,4th,Blueberry Brioche RollsLemon and Poppy Seed Rolls,Safe,2
9,Urvashi,Salt and Peppercorn Loaf,9th,Chilli and Halloumi RollsLemon and Coriander Mini Loaves,Eliminated,2
9,Yasmin,Egyptian Dukkah Loaf with Mixed Spices,2nd,Pesto BreadSweet Coconut Rolls,Star Baker,2
10,Ben,Stem Ginger Nuts,5th,Chocolate and Almond MacaronsPine Nut MacaronsPistachio Macarons,Eliminated,2
10,Holly,Strawberry and Custard Melts,3rd,"'Chocolate bars of my youth'(Caramel Macarons, Mint Chocolate Macarons and Chocolate Orange Macarons)",Star Baker,2
10,Janet,Christmas Marzipan Biscuits,4th,Raspberry MacaronsBlackcurrant MacaronsAlmond Macarons,Safe,2
10,Jason,Lebkuchen,1st,"Mocktail Macarons(Mojito, Cranberry Cooler, and Piña Colada)",Star Baker,2
10,Jo,Lavender Biscuits,8th,Blueberry MacaronsCoconut MacaronsStrawberry Macarons,Safe,2
10,Mary-Anne,Melting Moments,2nd,Blackcurrant and Mint MacaronsGooseberry and Elderflower MacaronsHazelnut Macarons,Safe,2
10,Robert,Chocolate and Ginger Oat Biscuits,7th,Strawberry and Lime MacaronsLemon MacaronsChocolate and Cardamom Macarons,Safe,2
10,Yasmin,Chocolate Chip and Pistachio Biscotti,6th,Chocolate and Lime MacaronsCoffee and Walnut MacaronsPineapple and Coconut Macarons,Safe,2
11,Holly,"Stilton, Potato and Caramelised Onion Pie",4th,Lime Meringue Pie,Safe,2
11,Janet,Chicken and Chestnut Pie,1st,Rhubarb Meringue Pie,Star Baker,2
11,Jason,Brown Down Chicken Pie,7th,Plum Meringue Pie,Eliminated,2
11,Jo,Salmon and Asparagus Pie,6th,Apple and Raspberry Meringue Pie,Safe,2
11,Mary-Anne,Chicken and Bacon Pie,2nd,Midnight Meringue Pie,Safe,2
11,Robert,Chicken and Mushroom Pie,3rd,Rhubarb & Custard Meringue Pie,Eliminated,2
11,Yasmin,Family Fish Pie,5th,Peach and Raspberry Meringue Pie,Safe,2
12,Holly,Father Christmas' Baked Cheesecake,3rd,Hansel and Gretel's Croquembouche,Safe,2
12,Janet,Rhubarb and Ginger Baked Cheesecake,5th,Orange and Nougatine Croquembouche,Safe,2
12,Jo,Rum and Raisin Baked Cheesecake,1st,Limoncello and White Chocolate Croquembouche,Star Baker,2
12,Mary-Anne,Tutti Frutti Curd Baked Cheesecake,4th,Orange and Praline Croquembouche with Cardamom Caramel,Safe,2
12,Yasmin,Baked Amaretto Cheesecake,2nd,Rose Croquembouche,Eliminated,2
13,Holly,"White Chocolate, Hazelnut and Raspberry Génoise Mousse Cake",1st,"Apricot, Macadamia and White Chocolate PinwheelsAlmond CroissantsApple, Raisin and Cinnamon Plaits",Safe,2
13,Janet,Chocolate Amaretto Mousse Cake,4th,Pain Aux RaisinPlain CroissantPain Au Chocolat,Eliminated,2
13,Jo,Raspberry & Strawberry Mousse Cake,3rd,Pain Aux RaisinChocolate TwistsBanana and Raisin Pastries,Safe,2
13,Mary-Anne,Chocolate and Orange Mousse Cake,2nd,Raspberry Rose DanishesPraline SpiralsAlsatian Plaited Danishes,Safe,2
14,Holly,Banoffee Inspired Mille Feuille,2nd,Strawberry and Cream Meringue NestGooseberry and Elderflower 'Bakewell' TartsNeapolitan Ice-Cream Sandwich,Runner-up,2
14,Jo,Raspberry and Blueberry Mille Feuille,1st,"Mini Victoria SandwichesRaspberry, White Chocolate and Pistachio Mini MeringuesMini Banoffee Pie with Banana Mousse",Winner,2
14,Mary-Anne,Lemon and Ginger Mille Feuille,3rd,Fruit Tarts with Elderflower CustardStrawberry and Rhubarb CheesecakesBlack Fruit Meringue with Everlasting Syllabub,Runner-up,2
15,Brendan,"Plum, sour cherry & walnut upside down cake",10th,St. Patrick's Day cake with hidden Irish Flag*[12],Safe,3
15,Cathryn,"Apple, hazelnut and calvados upside down cake",5th,Hidden cupcake cake,Safe,3
15,Danny,"Plum, ginger & orange upside down cake",7th,Nectar cake with hidden beehive*[13],Safe,3
15,James,"Parsnip, pear, and pecan upside down cake",2nd,"""Simmer dim"" sunset cake",Safe,3
15,John,"Toffee apple, orange & cranberry upside down cake",11th,Hidden pink hearts cake,Safe,3
15,Manisha,"Vanilla, peach and raspberry upside down cake",6th,White chocolate cake with a red velvet and white chocolate mousse heart,Safe,3
15,Natasha,Pineapple & passion fruit upside down cake,12th,Mother's Day layered rose cake,Eliminated,3
15,Peter,"Pear, muscat & chocolate upside down cake",3rd,Jubilee cake,Safe,3
15,Ryan,Kumquat and orange polenta upside down cake,8th,Hidden flowerbed mousse cake,Safe,3
15,Sarah-Jane,"Pear, chocolate and hazelnut upside down cake",1st,Hidden crown cake,Safe,3
15,Stuart,Tomato and ginger upside down cake,9th,Lemon and pistachio Union Flag cake,Safe,3
15,Victoria,Pear and pecan upside down cake,4th,Blackbird pie cake,Star Baker,3
16,Brendan,Middle Eastern Taboon BreadIndian Roti,4th,Chocolate and Vanilla BagelsCumin and Gruyere Bagels,Safe,3
16,Cathryn,"Spiced Mango NaanLime, Coriander and Chilli Tortillas",8th,"Cranberry and Orange BagelsChipotle, Chilli, and Smoked Cheddar Bagels",Safe,3
16,Danny,Lime Coriander and Coconut TortillasZaatar Naan with Dukkah,3rd,UNKNOWN,Safe,3
16,James,"Tomato, Garlic, and Parmesan FlatbreadsTattie Scones",2nd,"Orange, Mint and Chocolate Bagels'Millers' Sourdough Bagels",Safe,3
16,John,"Coriander and Chilli RotisGarlic, Pomegranate and Potato Pitas",1st,"Fig, Walnut and Gruyere BagelsBlueberry and White Chocolate Bagels",Star Baker,3
16,Manisha,Indian FlatbreadsItalian Flatbreads,6th,Chocolate Orange Bagels,Safe,3
16,Peter,Fennel and Nigella seed NaanBannock Bread,11th,Rosemary and Sea Salt BagelsApple and Cinnamon Bagels,Eliminated,3
16,Ryan,Shanghai Spring Onion FlatbreadsGarlic and Coriander Naan,5th,Cinnamon and Date BagelsTarragon and Rosemary Bagels,Safe,3
16,Sarah-Jane,Toasted Coconut and Lime RotiOatcakes,10th,UNKNOWN,Safe,3
16,Stuart,Bombay BreadChorizo and Spring Onion Naan,9th,Cinnamon and Cranberry BagelsTomato and Thyme Bagels,Safe,3
16,Victoria,Coriander and Lemon NaanGarlic and Parsnip Chapatis,7th,Saffron and Golden Raisin BagelsPorcini Bagels,Safe,3
17,Brendan,Apple and Ginger Tarte Tatin,9th,"Blackberry, Nectarine and Dragon Fruit Tart",Safe,3
17,Cathryn,"Plum, Cherry and Five Spice Tarte Tatin",3rd,"Raspberry, Pistachio and Lemon Tart",Safe,3
17,Danny,Savoury Pear and Roquefort Tarte Tatin,2nd,"Pineapple, Coconut and Frangipane Tart",Safe,3
17,James,Apple and Lavender Tarte Tatin,1st,"Rose, Lychee and Raspberry Fruit Tart",Star Baker,3
17,John,Apple and Vanilla Tarte Tatin with Walnut Praline,6th,"Berries, Grapes, Pomegranate, and Dragon Fruit Tart",Safe,3
17,Manisha,"Cinnamon, Apple and Pear Tarte Tatin",10th,Rum and Tropical Fruit Tart,Safe,3
17,Ryan,Spiced Pear Tarte Tatin,5th,UNKNOWN,Safe,3
17,Sarah-Jane,Caramelised Banana Tarte Tatin,8th,French Apple Tart with Blackberry and Cassis Jam,Safe,3
17,Stuart,Pear and Almond Tarte Tatin,7th,Raspberry Triple Chocolate Layered Tart,Safe,3
17,Victoria,"Fig, Walnut and Pink Peppercorn Tarte Tatin",4th,Tropical Fruit Tart with Black Pepper Crust,Eliminated,3
18,Brendan,Clementine and Chestnut Torte,1st,"Pear, Chocolate and Hazelnut Dacquoise",Star Baker,3
18,Cathryn,"White Chocolate, Macadamia and Coffee Torte",3rd,"Gooseberry, Almond and Honey Meringue",Safe,3
18,Danny,"Blackberry, White Chocolate, Lemon and Elderflower Torte",2nd,"'Monte Bianco' Chestnut, Chocolate and Coffee Dacquoise",Safe,3
18,James,"Hazelnut, Chocolate and Passionfruit Torte",5th,"Fig, Chestnut, Cherry and Chocolate Layered Meringue",Safe,3
18,John,'Torte Noir' Black Forest Torte with Boozy Cream,6th,Elderflower and Bramble Berry Pavlova,Safe,3
18,Manisha,"Almond, Chocolate and Cherry Torte",9th,Tiramisu Layered Meringue Dessert,Safe,3
18,Ryan,Green Tea Opera Torte,7th,"Strawberry, Rose and Pistachio Meringue",Safe,3
18,Sarah-Jane,Chocolate and Almond Truffle Torte,4th,Hazelnut Tiramisu Layered Meringue,Safe,3
18,Stuart,Black Forest Torte,8th,Choca Blocka Mocha Meringue,Eliminated,3
19,Brendan,Salmon Coulibiac in a Scandinavian Pastry,3rd,All American Chiffon Pie,Safe,3
19,Cathryn,Full English Wellington,1st,Chocolate and Peanut Butter Pumpkin Pie,Safe,3
19,Danny,"Chickpea, Spinach & Mushroom Wellington",7th,Trick or Treat Pumpkin Pie,Safe,3
19,James,Four Pig Wellington,6th,Sweet Potato Pie,Safe,3
19,John,Venison and Haggis Wellington,2nd,Star Spangled Pecan Pie,Safe,3
19,Manisha,Lamb Wellington with Rosemary and Mint,5th,Banana Scotch Pie,Eliminated,3
19,Ryan,Curry Spiced Seabass Wellington,8th,Key Lime Pie,Star Baker,3
19,Sarah-Jane,Beef Wellington with Parma Ham and Gorgonzola Cheese,4th,Chocolate and Banana Cream Pie,Safe,3
20,Brendan,"Rhubarb, Strawberry and Ginger PuddingsSticky Toffee Puddings",1st,"Spinach, Cheese and Walnut Strudel",Star Baker,3
20,Cathryn,Chocolate Walnut Whip PuddingsElderflower Sponges,3rd,Roasted Vegetable Couscous and Sheep Cheese Strudel,Safe,3
20,Danny,Banoffee Puddings with Walnut Butterscotch SauceJubilee Chocolate Fondants,2nd,"Leek, Potato, Pistachio and Gruyère Strudel",Safe,3
20,James,Banana and Clove PuddingsClootie dumplings,7th,"Strawberry, Rhubarb and Ginger Strudel",Safe,3
20,John,Spicy Toffee PuddingsRaspberry and White Chocolate Puddings,5th,Did not complete due to injury,Safe[a],3
20,Ryan,Chocolate FondantsSticky Ginger and Date Puddings,6th,"Apple, Sour Cherry, Raisin and Mixed Nuts Strudel",Safe,3
20,Sarah-Jane,Sticky Toffee PuddingsGranny's Saucy Lemon Puddings,4th,Sweet Strudel with Sour Cherries,Safe,3
21,Brendan,Chelsea Bunskis,4th,Black Forest Christmas Stollen,Safe,3
21,Cathryn,Lady Arundel's Manchet Buns,5th,Bonfire Night Tear 'N' Share Brioche,Safe,3
21,Danny,Bakewell Chelsea Buns,2nd,European Christmas Wreath,Star Baker,3
21,James,Easter Chelsea Buns,1st,Whisky Kugelhopf-Brioche Baba,Safe,3
21,John,Cherry and Almond Saffron Buns,3rd,Marzipan Stollen,Safe,3
21,Ryan,Lardy Cakes,6th,Char Siu Bao,Eliminated,3
21,Sarah-Jane,"Orange, Nutmeg and Saffron Buns",7th,Sour Cherry and Dark Chocolate Christmas Plait,Eliminated,3
22,Brendan,Multi-Seed Savoury Crackers,2nd,Fantasy Gingerbread Bird House,Safe,3
22,Cathryn,Cheese and Pickle Crackers,5th,Gingerbread Buckingham Palace,Eliminated,3
22,Danny,Spiced Almond Drinks Crackers,4th,Gingerbread Big Ben,Safe,3
22,James,"Smoky Cayenne, Cumin and Chilli Crackers",1st,Gingerbread Barn,Star Baker,3
22,John,Asian Spice Crackers,3rd,Gingerbread Roman Coliseum,Safe,3
23,Brendan,Coffee Meringue and Hazelnut CreamsApricot and Pistachio FriandsLime Curd Choux Pastry Cygnets,3rd,Gateau St. Honoré,Safe,3
23,Danny,Blackberry and Peppermint MacaronsMiniature Raspberry and Basil FinanciersOrange and White Chocolate Langues de Chat,4th,Rosewater and Lychee Gateau St. Honoré,Eliminated,3
23,James,"Lemon and Rhubarb TartletsChocolate Indulgence Petits FoursChilli, Lime and Raspberry Macarons",1st,"Coffee, Caramel and Hazelnut Paris–Brest",Star Baker,3
23,John,Lemon MadeleinesWhite Chocolate and Raspberry TartletsDark Chocolate and Cherry Macarons,2nd,Gateau St. Honoré a la Passion,Safe,3
24,Brendan,Potato and Pepper Pithivier,2nd,Family Reunion Chiffon Cake,Runner-up,3
24,James,Spanish Pithivier with Chorizo and Red Pepper,1st,United Chiffon Cakes,Runner-up,3
24,John,Italian Sausage and Roasted Vegetable Pithivier,2nd,Heaven and Hell Chiffon Cake,Winner,3
25,Ali,Rose and Pistachio Cake,11th,"Chocolate, Raspberry and Passion Fruit Engagement Cake",Safe,4
25,Beca,Grapefruit Sandwich Cake,8th,Chocolate Cherry Indulgence,Safe,4
25,Christine,"Strawberry, Vanilla and Rosewater Summer Basket",3rd,Chocolate and Orange 'Fripperous' Hat Cake,Safe,4
25,Deborah,Pineapple Cake,9th,'Coffee Time',Safe,4
25,Frances,Giant Jam Sandwich,7th,Secret Squirrel Cake,Safe,4
25,Glenn,Strawberries and Cream Cake,4th,Almond and Espresso Chocolate Cake,Safe,4
25,Howard,Passion Fruit and Coconut Cake,6th,Black Forest Revisited,Safe,4
25,Kimberley,Blood Orange Cake,10th,"Chocolate, Raspberry & Basil Layer Cake",Safe,4
25,Lucy,Timperley Early Cake,2nd,Thyme 'Wildwood' Cake,Safe,4
25,Mark,Lemon and Poppy Seed Cake,5th,Chocolate Monster,Safe,4
25,Robert,Pecan and Apple Cake,1st,Raspberry Chocolate Cake,Star Baker,4
25,Ruby,Rhubarb and Custard Sandwich Cake,12th,Chocolate and Ginger Night Sky Cake,Safe,4
25,Toby,Spiced and Iced Carrot Cake,13th,Two Tiered Chocolate Cake,Eliminated,4
26,Ali,Italian Grissini,9th,Sweet and Savoury Yin Yang Bread,Safe,4
26,Beca,Fennel and Chilli Breadsticks,11th,Five Strand Christmas Wreath,Safe,4
26,Christine,Mediterranean Breadsticks with Oregano,4th,Double Plaited Loaf,Safe,4
26,Deborah,Fennel & Chilli Breadsticks,8th,Walnut Fleur Loaf,Safe,4
26,Frances,Giant Matchsticks,2nd,Sailor's Knot,Safe,4
26,Glenn,Rosemary and Parmesan Grissini,7th,Harvest Crown,Safe,4
26,Howard,Moroccan Breadsticks,10th,Picasso Sun Bread,Safe,4
26,Kimberley,Nigella Seed and Parmesan Breadsticks,1st,Peace Bread,Safe,4
26,Lucy,Grissini with Salt,12th,Roasted Tomato Bread,Eliminated,4
26,Mark,Rosemary & Raisin Breadsticks,6th,Sage & Garlic Plait,Safe,4
26,Robert,Twisty Rye Bread Sticks,5th,Tribute Loaf,Safe,4
26,Ruby,Mexican Breadsticks,3rd,White Chocolate and Orange Peacock Bread,Star Baker,4
27,Ali,"Coconut, Raspberry and Lemon Meringue Trifle",5th,Vanilla Latte Mini CakesLime & Mint Shortbread Pops,Safe,4
27,Beca,Orange and Ginger Trifle,10th,Limoncello and Blueberry BurstsMillionaires' Shortbread,Safe,4
27,Christine,Caribbean Pina Colada Trifle,4th,Ninety-NinersSachertorte Parcels,Star Baker,4
27,Deborah,Tropical TrifleA,9th,Canelé Cherry and Chocolate CakesRose Cookies,Eliminated,4
27,Frances,Apple and Blackberry Crumble Trifle,8th,'Ballet Bites' Ginger NutcrackersSugar Plum Fairy Cakes,Safe,4
27,Glenn,Raspberry and Almond Trifle,1st,Billionaire BouchéesOrange Financiers,Safe,4
27,Howard,Caramel and Apple TrifleA,7th,Black Coffee and Cardamom CakesWhite Stilton and Pear Biscuits,Safe,4
27,Kimberley,"Peach, Almond and Ginger Trifle",6th,Chocolate Pistachio FinanciersLemon Bergamot Biscuits,Safe,4
27,Mark,"Ginger, Mango and Passion Fruit Trifle",11th,Rose and Pistachio MacaronsChocolate and Raspberry Bites,Eliminated,4
27,Robert,Rhubarb and Orange Trifle,2nd,Almond FriandsTurón Macarons,Safe,4
27,Ruby,Desert Island Trifle,3rd,Lemon Shortbread and White Chocolate SeashellsBlackberry and Chocolate Layer Cakes,Safe,4
28,Ali,Apple and Ginger Pie with a Pecan and Walnut Shortcrust Pastry,8th,"Orange, Cardamom and Date M'Hanncha",Eliminated,4
28,Beca,Mamgu's Cherry-Apple Tart,2nd,Moroccan Vegetable Filo Feast,Safe,4
28,Christine,"Granny Rogers' Apple, Plum & Cinnamon Country Pie",7th,Roasted Vegetable Filo Pie with Feta Cheese,Safe,4
28,Frances,Peach Pie In the Sky,1st,Cherry Tree Baklava Filo Pie,Safe,4
28,Glenn,Apple & Maple Syrup Pie,9th,Spanakopita,Safe,4
28,Howard,Apple Pie with Sage Pastry,5th,Fresh Fig and Feta Filo Flan,Safe,4
28,Kimberley,Pecan and Rosemary Caramel Apple Pie,4th,"Chicken, Bacon and Butternut Squash Pie",Star Baker,4
28,Robert,Apple and Pear Pie with Thyme,3rd,Spanakopita with St George's Mushrooms,Safe,4
28,Ruby,Apple and Marzipan Pie,6th,"Rose, Almond and Raspberry Filo Pie",Safe,4
29,Beca,"Chocolate, Cherry and Hazelnut Brownies",5th,Tiered Macaron and Sugar Dough Biscuit Centrepiece,Safe,4
29,Christine,Mixed Berry and Almond Crumble Traybake,1st,Shortbread Bavarian Clock Tower,Star Baker,4
29,Frances,Millionaire Banoffee Bonus,3rd,Biscuit Buttons and Beads[a],Safe,4
29,Glenn,Apricot and Pistachio Tiffin,2nd,Shortbread and Macaron Helter-Skelter,Safe,4
29,Howard,Breakfast Traybake,8th,Japanese Pagoda Tea Tower,Safe,4
29,Kimberley,Cherry and Almond Bakewell Florentine Slice,7th,Black and White Viennese Biscuit Stack,Safe,4
29,Robert,Blueberry & Orange Traybake,4th,Orange and Lemon Biscuit Dalek,Eliminated,4
29,Ruby,Blackberry and Lemon Bakewell Slice,6th,'Dropped Ice Cream' Biscuit Centrepiece,Safe,4
30,Beca,Bara Brith,6th,Chocolate and Rum-Soaked Prune BriochesCardamom Spiced Lemon Iced Buns,Safe,4
30,Christine,Oxford Nutty Fruit Loaf,4th,Schnecken BunsVanilla Custard Skolebrød,Safe,4
30,Frances,Chai Tea Loaf,2nd,Hot Cross BriochesRhubarb and Custard Kolaches,Safe,4
30,Glenn,Devonshire Panettone,5th,Almond and Apricot BriochesSticky Caramel Kanelbullen,Safe,4
30,Howard,Date & Hemp Yorkshire Loaf,7th,Peachy BunsGerman Baumschnecken,Eliminated,4
30,Kimberley,Chai Spiced Ginger and Date Tea Loaf,3rd,Double Chocolate and Hazelnut BriochesDanish Kanelsnurrer,Safe,4
30,Ruby,Citrus Tea Loaf,1st,Twisted Swedish KanelbullarSaffron St. Lucia Buns,Star Baker,4
31,Beca,Spring Lamb and Vegetable Suet Pudding with Redcurrant Gravy,1st,Nectarine and Frangipane SquaresChocolate and Hazelnut Vol-au-ventsStrawberries and Cream Mille-feuille,Safe,4
31,Christine,Spotted Dick 'With a Kick' and Vanilla Custard Ice Cream,6th,Eccles CakesFresh Fruit BasketsLemon Cream Eton Mess Mille-feuille,Safe,4
31,Frances,Figgy Roll-y Poly Pudding with Caramelised Walnut and Honey Ice-Cream,5th,French Framboise Cream HornsSheet Music Mille-feuilleBass Clef Palmiers,Star Baker,4
31,Glenn,Prune and Armagnac Pudding with Boozy Butterscotch Sauce,3rd,Caramelised Apple and Marzipan TartletsChocolate Elephant EarsPassion Fruit Mille-feuille,Eliminated,4
31,Kimberley,Barberry and Apple Spotted Dick with Maple Syrup and White Chocolate Custard,4th,"Pear, Malt and Butterscotch Mille-feuilleBlackberry and Lemon Verbena Crème Brûlee Custard TartsFig, Orange and Thyme Galette",Safe,4
31,Ruby,Plum Jam Roly Poly with Ginger Ice Cream,2nd,Raspberry and Passion Fruit Mille-feuilleCaramelised Apple LatticePortuguese Custard Tarts,Safe,4
32,Beca,"Potato, Spelt and Rosemary Focaccia",4th,Spiced Butternut Squash and Pecan 'Cheese' Cake,Safe,4
32,Christine,"Multi-Seeded Loaf with Pumpkin, Sesame and Sunflower Seeds",5th,Sweet Potato Guitar with Passion Fruit Icing and Marshmallow Fondant,Eliminated,4
32,Frances,'Chelsea Flour Show' Bun Bouquet,3rd,Hidden Carrot Cake,Safe,4
32,Kimberley,Wild Garlic Pesto and Parma Ham Spelt Loaf,2nd,Butternut Squash and Spice Cake Toadstool House,Safe,4
32,Ruby,Mango and Nigella Seed Spelt Cob,1st,Carrot Cake and Pistachio Garden Plot,Star Baker,4
33,Beca,Stilton and Walnut MacaronsBeetroot and Salmon Choux PuffsWelsh Rarebit Tartlets,3rd,Banoffee Opera Cake,Eliminated,4
33,Frances,"Légume CanapésChantenay Carrots, Choux Pastry Tomatoes, and Cauliflower Cheese Scones",2nd,Great British Soap Opera Cake,Safe,4
33,Kimberley,Pea Purée TartsCrab and Wasabi ProfiterolesSteamed Buns with Barbecue Chicken,1st,Passion Fruit and Lime Opera Cake,Star Baker,4
33,Ruby,"Beetroot Jelly on Poppy Seed BiscuitsSpinach, Parmesan and Egg TartletsChoux Buns with Goat's Cheese and Caramelised Onions",4th,"Chocolate, Almond Praline and Saffron Opera Cake",Safe,4
34,Frances,Rainbow Picnic Pie,3rd,Midsummer Night's Dream Wedding Cake,Winner,4
34,Kimberley,Chicken and Pig Pie,1st,Languages of Love Wedding Cake,Runner-up,4
34,Ruby,Picnic Basket Pie,2nd,"Raspberry, Lemon and Passion Fruit Wedding Cake",Runner-up,4
35,Chetna,"Cardamom, Pistachio and Coffee Swiss Roll",3rd,Tiered Victoria Sponges with Lemon Curd and Raspberry Cream,Safe,5
35,Claire,Chocolatey Orangey Swiss Roll,8th,Mini Chocolate and Cherry Cakes,Eliminated,5
35,Diana,Mum's Sunday Tea Lemon Curd Swiss Roll,5th,Chocolate Ganache Surprises,Safe,5
35,Enwezor,Raspberry and Lemon Swiss Roll,9th,Coffee and Walnut Battenberg Squares,Safe,5
35,Iain,Apricot and Basil Swiss Roll with Mascarpone and White Chocolate Cream,4th,"Lemon Drizzle Cakes with Mascarpone Filling, Drizzled Icing and Candied Lemon",Safe,5
35,Jordan,Kawaii Frasier Swiss Roll,12th,Lemon Drizzle Cakes with Blueberry and Lemon Curd,Safe,5
35,Kate,Red Velvet and White Chocolate Swiss Roll,6th,Mini Tiered Victoria Sponges,Safe,5
35,Luis,Spanish Swiss Roll,7th,Raspberry and Lemon Genoise Slices with Lemon Drizzles,Safe,5
35,Martha,Tiramisu Swiss Roll,2nd,Mini Lemon and Thyme Drizzle Cakes,Safe,5
35,Nancy,Coffee and Hazelnut Swiss Roll,1st,Jaffa Orange Cakes,Star Baker,5
35,Norman,Black Forest Swiss Roll,11th,Almond and Raspberry Mini Cakes,Safe,5
35,Richard,Pistachio and Strawberry Swiss Roll,10th,Miniature Coffee and Walnut Cakes,Safe,5
36,Chetna,Fenugreek and Carom Crackers,8th,Day On The Beach,Safe,5
36,Diana,Parmesan Triangles,7th,"Express, First Class",Safe,5
36,Enwezor,Pumpkin and Sunflower Seed Savoury Biscuits,9th,Space Adventure Moon Scene,Eliminated,5
36,Iain,Za'atar and Fig Biscuits,11th,Wild West Scene,Safe,5
36,Jordan,"Sourdough, Parmesan and Chilli Biscuits",6th,Monster Attack,Safe,5
36,Kate,Parmesan and Apple Biscuits,4th,Tea Time,Safe,5
36,Luis,Black Olive and Rosemary Biscuits with Caramelised Onion Glaze,3rd,George Versus The Dragon,Safe,5
36,Martha,Caramelised Onion and Goat's Cheese Sandwich Biscuits,5th,Ski Village Scene,Safe,5
36,Nancy,Fennel and Rye Thins,2nd,Hansel and Gretel Scene,Safe,5
36,Norman,Farthing Biscuits,10th,Zulu Boats at Dawn,Safe,5
36,Richard,Rosemary Seeded Crackers,1st,Pirates!,Star Baker,5
37,Chetna,Onion and Pine Nut Rolls,8th,Rolled and Filled Twin Loaf,Safe,5
37,Diana,Rustic Picnic Rolls,7th,Sharing Savoury Pinwheel,Safe,5
37,Iain,Cranberry and Walnut Rye Bread Rolls,9th,Moroccan Plaited with a Bessara Dip,Safe,5
37,Jordan,Rye and Spelt Bread Rolls,10th,Strawberry Raspberry Cheesecake Brioche,Eliminated,5
37,Kate,Orange and Cardamom Rye Bread Knots,1st,"Prosciutto, Olive & Coriander Bread",Safe,5
37,Luis,Opposites Attract Rolls,2nd,Roscón de Reyes,Star Baker,5
37,Martha,Date and Walnut Rye Rolls,3rd,Stuffed Sunflower Loaf,Safe,5
37,Nancy,Cider and Walnut Crusty Rolls,5th,'Full English' Stromboli,Safe,5
37,Norman,Rye Bread Rolls,4th,Chicken and Roasted Vegetable Picnic Loaf,Safe,5
37,Richard,Rye and Cranberry Rolls,6th,Pesto Pinwheel,Safe,5
38,Chetna,"Rhubarb, Strawberry and Orange Puddings",3rd,"Mango, Raspberry and Coconut Baked Alaska",Safe,5
38,Diana,Orange and Lemon Curd Pots,9th,Raspberry Ripple Alaska Swan,Safe,5
38,Iain,"Chocolate, Lime and Raspberry Fondants",6th,"Chocolate, Black Sesame Seed and Coffee Caramel Baked Alaska (not presented)",Eliminated,5
38,Kate,Chocolate and Salted Caramel Molten Puddings,7th,"Pistachio, Raspberry and Chocolate Baked Alaska",Safe,5
38,Luis,Pears in Puddings,2nd,Bakewell Alaska,Safe,5
38,Martha,Peanut Butter Chocolate Fondants,1st,Key Lime Baked Alaska,Safe,5
38,Nancy,Pistachio Puddings with Chocolate Sauce,4th,Summer Pudding Alaska,Safe,5
38,Norman,Mini Sticky Toffee Puddings,8th,Baked Alaska with Strawberry Surprise,Safe,5
38,Richard,Black Forest Chocolate Fondants,5th,Tiramisu Baked Alaska,Star Baker,5
39,Chetna,Rice Custard Tart with Mangoes and Raspberries,2nd,Fusion Tiered Pies,Safe,5
39,Diana,Withdrew[a],Withdrew[a],Withdrew[a],Withdrew[a],5
39,Kate,Rhubarb and Custard Tart,3rd,"Rhubarb, Prune and Apple Pies",Star Baker,5
39,Luis,Tropical Manchester Tart,6th,Four Fruity Seasons Tower,Safe,5
39,Martha,"Pistachio, Apricot and Honey Custard Tart",1st,Three Little Pigs Pie,Safe,5
39,Nancy,Chocolate Crusted Passion Fruit Tart,4th,Trio of Apple Pies,Safe,5
39,Norman,Tarte au Citron,5th,Pieful Tower,Eliminated,5
39,Richard,Fig and Orange Tart,7th,Three Course Autumn Pie Feast,Safe,5
40,Chetna,Orange Savarin with Cinnamon Cream,2nd,Almond Liqueur Dobos Torte with Chocolate Caramel Buttercream,Star Baker,5
40,Kate,"Pecan, Chocolate and Sour Cherry Yeast Cake",6th,Trio of Dobos Tortes,Safe,5
40,Luis,Apple and Cinnamon Kugelhopf with Honeyed Apples,3rd,The Cage on the Rocky Hill,Safe,5
40,Martha,Dark Chocolate and Almond Liqueur Savarin,4th,Chess-Themed Chocolate and Salted Caramel Dobos Torte,Safe,5
40,Nancy,Rum Punch Savarin with Coconut Cream and Tropical Fruits,1st,Chocolate and Caramel Dobos Torte,Safe,5
40,Richard,Fruity Guglhupf with an Orange Glaze,5th,Sugar Forest Dobos Torte,Safe,5
41,Chetna,Crispy Lentil Kachori,6th,Chocolate and Mango & Lemon Meringue Éclairs,Safe,5
41,Kate,Spinach and Paneer Spicy Samosa,4th,Neapolitan & Lemon Meringue Éclairs,Eliminated,5
41,Luis,Childhood Empanadas,5th,Stars and Stripes Éclairs,Safe,5
41,Martha,Mini Beef Wellingtons,3rd,Rhubarb and Custard & Maple Syrup and Bacon Éclairs,Safe,5
41,Nancy,Spicy Duck Pasties,2nd,Smoked Salmon and Horseradish & Raspberry Ripple Éclairs,Safe,5
41,Richard,Minted Lamb Pasties,1st,Stair of Éclairs,Star Baker,5
42,Chetna,Date and Walnut Swirl Bread,1st,Chocolate Mousse Filled DoughnutsBraided Doughnuts,Safe,5
42,Luis,Black Forest Cherry Tree,2nd,Cocktail Doughnuts,Safe,5
42,Martha,Spiced Plum Iced Bread Swirl,5th,Glazed Lemon & Poppyseed DoughnutsChocolate & Passion Fruit Doughnuts,Eliminated,5
42,Nancy,Lincolnshire Plum Braid,3rd,Doughnut Family Tree,Safe,5
42,Richard,Fruit Swedish Tea Ring,4th,Rhubarb and CustardToffee Apple Doughnuts,Star Baker,5
43,Chetna,Chocolate Orange BaklavaMasala Chai Baklava,4th,"Chocolate, Orange & Nut EntremetsCappuccino Entremets",Eliminated,5
43,Luis,Indian Rose BaklavaHalwa Baklava Rolls,1st,"Chocolate Mousse & Cherry EntremetsPomegranate, Fig & Pistachio Sponge",Safe,5
43,Nancy,Coffee and Chocolate BaklavaBreakfast Baklava,3rd,Raspberry NonnettesLime and Passion Fruit Entremets,Safe,5
43,Richard,Rose and Pistachio BaklavaWalnut and Almond Baklava,2nd,Hazelnut Mocha EntremetsPink Grapefruit Entremets,Star Baker,5
44,Luis,"Apple, Walnut, Raisin and Cheshire Cheese ChaussonsPain au Chocolat Blanc with Raspberries and Cream Cheese",2nd,Village in Chocolate,Runner-up,5
44,Nancy,Apple and Lemon KitesRaspberry and Almond Croissants,1st,Red Windmill,Winner,5
44,Richard,Pear Pain au ChocolatPain Au Lait,3rd,Mill on the Hill,Runner-up,5
45,Alvin,Orange Vanilla and Fig Madeira Cake,2nd,Black Forest Gateau,Safe,6
45,Dorret,Madeira Cake with Candied Lemons,5th,Enchanted Forest Gateau,Safe,6
45,Flora,Blood Orange Madeira Cake,6th,Black Forest Gateau,Safe,6
45,Ian,Somewhere West of Madeira Cake,8th,Black Forest Cherry Tree,Safe,6
45,Marie,Zingy Citrus Madeira Cake,3rd,A Walk in the Black Forest,Star Baker,6
45,Mat,Gin and Tonic Madeira Cake,7th,Black Forest Gateau,Safe,6
45,Nadiya,Orange and Green Cardamom Madeira Cake,12th,Quadruple Chocolate Black Forest Gateau,Safe,6
45,Paul,"Lemon, Ginger and Caraway Seed Madeira Cake",10th,Black Forest Chocolate Creation,Safe,6
45,Sandy,Madeira Cake with Almond Liqueur and Chopped Apricots,9th,Black Forest Gateau,Safe,6
45,Stu,Marley Madeira Cake,11th,Purple Forest Gateau,Eliminated,6
45,Tamal,Pistachio and Rose Madeira Cake,4th,Black Forest Gateau in a Chocolate Shell,Safe,6
45,Ugnė,Lemon and Thyme Madeira Cake,1st,Falling Cup Gateau,Safe,6
46,Alvin,"Jackfruit, Pistachio and Macadamia Biscotti",6th,Gingerbread Box filled with Brandy Snaps,Safe,6
46,Dorret,Almond and Apricot Biscotti with Amber Sugar Crystals,1st,Box of Frogs,Safe,6
46,Flora,Wedding Biscotti,2nd,Honey and Earl Grey Tea Box,Safe,6
46,Ian,"Orange, Rosemary and Almond Biscotti",3rd,Sandwich de la Confiture,Star Baker,6
46,Marie,Biscotti Italiano,11th,Russian Box,Eliminated,6
46,Mat,"Pistachio, Cranberry and White Chocolate Biscotti",5th,Gingerbread Fire Engine,Safe,6
46,Nadiya,"Coconut, Fennel and Pistachio Biscotti",9th,Box of Fortunes,Safe,6
46,Paul,"Chocolate, Hazelnut and Fig Biscotti",10th,Memory Box,Safe,6
46,Sandy,Chocolate Chunk and Hazelnut Biscotti,4th,Sundried Tomato Cheese Biscuit Box,Safe,6
46,Tamal,"Cinnamon, Maple and Cranberry Biscotti",8th,Chessboard Box,Safe,6
46,Ugnė,White Wine Biscotti,7th,Baby Climbing into the Cookie Box,Safe,6
47,Alvin,"Prosciutto, Manchego and Balsamic Onion Soda Breads",4th,Cornucopia,Safe,6
47,Dorret,Walnut and Stilton Soda Breads,6th,Unmade Bread,Eliminated,6
47,Flora,Fig and Hazelnut Rye Breads,2nd,Herb Couture,Safe,6
47,Ian,Wild Garlic Pesto Soda Breads,1st,Flour Power,Star Baker,6
47,Mat,"Jalapeño, Mexican Cheddar and Smoked Salt Soda Breads",8th,Curry Inspired Brighton Pavilion,Safe,6
47,Nadiya,Mexican Bread with Warm Tomato Salsa,9th,Snake Charmer's Basket,Safe,6
47,Paul,Cranberry and Orange Sweet Soda Breads,10th,King of the Jungle[a],Safe,6
47,Sandy,Soda Breads with Smoked Bacon and Onion,7th,Basket of Bread Flowers with a Walnut and Blue Cheese Centre,Safe,6
47,Tamal,"Fig, Cheese and Walnut Breads",3rd,Breadcycle,Safe,6
47,Ugnė,Chocolate Quick Breads with Salted Caramel Sauce,5th,Easter Basket,Safe,6
48,Alvin,Blackberry Crème Brûlées,9th,Tower of Fruits Cheesecakes,Safe,6
48,Flora,Rhubarb and Ginger Crème Brûlées,3rd,Elderflower and Granola Cheesecakes,Safe,6
48,Ian,Pomegranate Two Ways Crème Brûlées,4th,Trio of Spicy and Herby Baked Cheesecakes,Star Baker,6
48,Mat,Coconut Crème Brûlées,7th,Chocolate Bar Cheesecakes,Safe,6
48,Nadiya,Cinnamon Tea Crème Brûlées,8th,Fizzy Pop Cheesecakes,Safe,6
48,Paul,Almond Crème Brûlées,1st,Berry Cheesecake Tower,Safe,6
48,Sandy,Pontefract Crème Brûlées,6th,"Cassata, Whisky and Orange & Apple Pie Cheesecakes",Eliminated,6
48,Tamal,Rhubarb and Ginger Crème Brûlées,5th,"Mango, Hazelnut and Rosemary Cheesecake Trio",Safe,6
48,Ugnė,Marula Fruit and Coffee Liqueur Crème Brûlées,2nd,"Lime, Coconut and Hazelnut Cheesecakes",Safe,6
49,Alvin,Pineapple Upside Down Cake,8th,"Buko Pandan, Mango and Passion Fruit Ice Cream Roll",Safe,6
49,Flora,"Pistachio, Apple and Cardamom Madeleine Cake",3rd,Chocolate and Pear Bûche,Safe,6
49,Ian,Honey and Flowers Cake,5th,Dessert Island,Safe,6
49,Mat,Sugar Free Carrot Cake,4th,Raspberry & Coconut Ice Cream Roll,Safe,6
49,Nadiya,Naked Blueberry and Caraway Crunch Cake,1st,Chocolate and Strawberry Lime Ice Cream Roll,Star Baker,6
49,Paul,Carrot & Pecan Cake,2nd,Dessert Island Getaway,Safe,6
49,Tamal,Honey and Grapefruit Polenta Cake,7th,Passion Fruit and Pineapple Ice Cream Roll,Safe,6
49,Ugnė,Chocolate and Hazelnut Sugar-Free Cake,6th,"Chocolate, Peanut Butter and Grape Jam Roll",Eliminated,6
50,Alvin,Plum Frangipane Tart,6th,Smoked Salmon En Croûte and Vermouth Chicken à la King vol-au-vents,Eliminated,6
50,Flora,Apricot and Rosemary Frangipane Tart,2nd,Asparagus and Parma Ham and Praline and Chocolate vol-au-vents,Safe,6
50,Ian,Pear and Raspberry Frangipane Tart,3rd,vol-au-vents Terre et Mer,Safe,6
50,Mat,Piña Colada Frangipane Tart,1st,His 'n' Hers vol-au-vents,Star Baker,6
50,Nadiya,"Bay Leaf, Rong Tea and Pear Tart",4th,Bengali Korma and Clementine with Cod vol-au-vents,Safe,6
50,Paul,Christmas Frangipane Tart,5th,Savoury and Sweet Bouchées,Safe,6
50,Tamal,Spiced Pear Frangipane Tart,7th,Fennel and Rosemary Pulled Pork and Chicken and Coriander vol-au-vents,Safe,6
51,Flora,Game Pie with Shallot and Apple Chutney,4th,"Raspberry, Pomegranate and Champagne Charlotte Russe",Safe,6
51,Ian,Roadkill Pie,5th,Victoria's Crown Charlotte Russe,Safe,6
51,Mat,Raised Venison and Pigeon Pie,6th,Strawberry Charlotte Russe,Eliminated,6
51,Nadiya,Aromatic Raised Game Pie,1st,Mango and Raspberry Charlotte Russe,Safe,6
51,Paul,Not a Boaring Pie,2nd,Charlotte Rose,Safe,6
51,Tamal,Middle Eastern Game Pie,3rd,"Spiced Blackberry, Raspberry and Cardamom Charlotte Russe",Star Baker,6
52,Flora,Peach & Lemon Thyme and Smoked Almond & Butterscotch Cream Horns,3rd,Lime & Basil and Coconut & White Chocolate Religieuse à l'ancienne,Safe,6
52,Ian,Mont Blanc & Black Forest Gâteau Horns,2nd,Nun with Hidden Passions,Safe,6
52,Nadiya,Rose Pistachio and Mocha Hazelnut Horns,1st,Bubble Gum and Peppermint Cream Religieuse à l'ancienne,Star Baker,6
52,Paul,Café Tipple & Banana Crunch-away Horns,5th,Religieuse à l'ancienne,Eliminated,6
52,Tamal,Lime & Mascarpone and Malt Cream Horns,4th,Passionfruit & Mango and Pistachio & Raspberry Religieuse à l'ancienne,Safe,6
53,Flora,Passion Fruit and Chocolate Tart,1st,Cocoa Carousel,Eliminated[a],6
53,Ian,Chocolate and Bay Tart,3rd,Chocolate Well,Safe,6
53,Nadiya,Peanut Salted Caramel and Chocolate Tart,4th,Peacock in Nan's Door,Star Baker,6
53,Tamal,Chocolate New York Pie,2nd,Chocolate Bell Tower,Safe,6
54,Ian,Elderflower and Lemon & Spiced Buns,2nd,Colossal Curvy Carrot Cake,Runner-up,6
54,Nadiya,Cardamom and Almond Buns & Nutmeg and Sour Cherry Fingers,1st,My Big Fat British Wedding Cake,Winner,6
54,Tamal,Cinnamon and Apple & Toffee and Marmalade Iced Buns,3rd,Sticky Toffee Pudding Cake,Runner-up,6
55,Andrew,Lemon and Rosemary Drizzle Cake,12th,'Ultimate Indulgence' Mirror Glaze Cake,Safe,7
55,Benjamina,"Pistachio, Cardamom and Lemon Drizzle Cake",6th,White Chocolate Mirror Glaze with Salted Praline Buttercream,Safe,7
55,Candice,Raspberry and Rhubarb Drizzle Custard Bundt Cake,5th,"Mirror Mirror On The Wall, Who Is The Shiniest Cake Of Them All?",Safe,7
55,Jane,Lemon and Poppy Seed Drizzle Cake,7th,Chocolate Orange Mirror Cake,Star Baker,7
55,Kate,Berry Best Apple and Bramble Drizzle Cake,4th,One Swallow Does Not Make A Summer Cake,Safe,7
55,Lee,St. Clements Orange and Lemon Drizzle Cake,11th,Strawberry Surprise Mirror Cake,Eliminated,7
55,Louise,Orange Liqueur and Lemonade Drizzle Cake,9th,White Chocolate Trifle Mirror Glaze Cake,Safe,7
55,Michael,"Lime, Ginger and Honey Drizzle Cake",3rd,Matcha Tea Chocolate Mirror Glaze,Safe,7
55,Rav,Ginger Spice Yuzu Drizzle Cake,8th,Colombian Mocha Mirror Glaze Cake,Safe,7
55,Selasi,Citrus and Spice Drizzle Cake,1st,"Raspberry, Sloe and White Chocolate Mirror Glaze Cake",Safe,7
55,Tom,G&T Drizzle Cake,2nd,Black Forest Broken Mirror,Safe,7
55,Val,Mum's Orange and Lemon Drizzle,10th,Chocolate Sponge with Four Fruit Frosting,Safe,7
56,Andrew,Beehive Biscuits,4th,Punting in Cambridge,Safe,7
56,Benjamina,Bouquet Biscuits,3rd,"New York, New York",Safe,7
56,Candice,"Salted Caramel, Chocolate Iced Shiny Hearts",8th,Gingerbread Pub with Sticky Ginger Carpet,Star Baker,7
56,Jane,Flower Pot Iced Biscuits,2nd,Hastings Old Town Fishing Net Shops and Boat,Safe,7
56,Kate,"""A Biscuit for the Broads""",1st,"""I Promise I will do my best""",Safe,7
56,Louise,Baa Bara Brith Biscuits,10th,Gingerbread Wedding,Eliminated,7
56,Michael,"Malt, Chocolate and Orange Iced ""Beer"" Biscuits",9th,Trip to See Santa in Lapland,Safe,7
56,Rav,Union Jack Bunting Biscuits,6th,Gingerbread Christmas Fairground,Safe,7
56,Selasi,"""Wheelie Hot Iced Biscuits""",11th,Stained Glass Window Gingerbread Church,Safe,7
56,Tom,Chai Frappelatteccino Biscuits,7th,Tom and Pod's Near Death Experience,Safe,7
56,Val,Sunday Treat Iced Ice Cream Cone Biscuits,5th,From Holland to New York via Yorkshire,Safe,7
57,Andrew,Chocolate Barmbrack Bread,2nd,Braided Harvest Bread Basket,Safe,7
57,Benjamina,"Chocolate, Tahini and Almond Babka",6th,Braided Bread Heart,Safe,7
57,Candice,"Chocolate, Salted Caramel & Pecan Brittle Brioche Bread",3rd,Italian Light and Dark Rye Twist,Safe,7
57,Jane,Chocolate and Cranberry Couronne,9th,Chorizo and Chilli Flower with Parmesan and Pesto Centre,Safe,7
57,Kate,Cobbled Loaf,8th,The Corn Maiden,Safe,7
57,Michael,Chocolate and Chilli Swirl Plait,7th,Cypriot Dove and Olive Branch Plaited Loaf with Houmous,Eliminated,7
57,Rav,"Chocolate, Cardamom and Hazelnut Loaf",10th,Three Tier Diwali Bread Centrepiece,Safe,7
57,Selasi,"Chocolate, Orange and Cinnamon Bread",5th,Bedouin Escape Tear and Share Bread,Safe,7
57,Tom,Chocolate Orange and Chilli Swirl Bread,4th,Jörmungandr and Mjölnir,Star Baker,7
57,Val,Double Chocolate Cinnamon Twist Loaf,1st,"""And They All Went Into The Ark To Get Out Of The Rain""",Safe,7
58,Andrew,Yorkshire 'Tapas' Puddings,4th,Churros Window Box,Safe,7
58,Benjamina,"Red Onion Chutney, Brie and Bacon Yorkshire Puddings",1st,Tropical Churros,Star Baker,7
58,Candice,Yorkshire Wellingtons,2nd,Two-Way Peanut Butter Churros,Safe,7
58,Jane,Meat and Two Veg Yorkshires,3rd,Pistachio and White Chocolate Churros,Safe,7
58,Kate,Christmas Dinner Compromise,7th,Hot Cross Bunny Churros,Eliminated,7
58,Rav,Thai Tofu Panang Yorkshires,9th,Three Dip Matcha Pistachio Churros,Safe,7
58,Selasi,Perfect Sunday Roast Accompaniment,8th,Lemon and Anise Churros,Safe,7
58,Tom,West Yorkshire Fusion Puddings,5th,Fennel Churros Snake In The Grass,Safe,7
58,Val,Mum's Chilli Yorkshire Puddings,6th,Orange Chocolate Churros,Safe,7
59,Andrew,Mum and Dad's Breakfast Pastries,6th,Spicy Chorizo Squash ParcelsBaklava Bites,Safe,7
59,Benjamina,'Good Morning America' SwirlsPeanut Butter and Banana Pinwheels,5th,Plantain and Spinach SamosasChai Pear Cups,Safe,7
59,Candice,"Danish Pastry Croque Monsieur KitesCinnamon Apple, Vanilla Crème Rose Danish",2nd,"Sausage, Black Pudding and Apple RoundsBanoffee Whiskey Cups",Star Baker,7
59,Jane,"Orange Pain au RaisinsRaspberry, Chocolate and Almond Danish",1st,"Roquefort, Fig and Walnut ParcelsCherry and Chocolate Cones",Safe,7
59,Rav,"Cinnamon SwirlsPecan, Walnut and Maple Plaits",8th,Chinese Style Prawn Filo TartletsSpiced White Chocolate and Hazelnut Samosas,Safe,7
59,Selasi,"Rhubarb, Mango and Ginger PlaitPineapple and Coconut Pinwheels",3rd,"Parma Ham, Asparagus and Cheese Filo CigarsCoffee Cream Filo Cups",Safe,7
59,Tom,Mega Breakfast Bonanzas (Granola Spirals and Wheat Foldovers),4th,Yin and Yang Amuse-bouche,Safe,7
59,Val,"Pecan and Maple Syrup PinwheelsApple, Sultana and Cinnamon Swirls",7th,"Caramelised Red Onion, Goats Cheese TartletsMincemeat and Apple Spiced Parcels",Eliminated,7
60,Andrew,Tangy Lime and Ginger Meringue Pie,6th,Spring Elderflower Trio,Safe,7
60,Benjamina,Grapefruit and Ginger Meringue Pie,2nd,Floral Tea Cake,Safe,7
60,Candice,"Lime, Coconut and Lemongrass Sugar Meringue Pie",5th,Four Seasons Cake,Safe,7
60,Jane,Lime and Coconut Meringue Pie,4th,Three Tier Orange Cake with a Floral Chocolate Collar,Safe,7
60,Rav,Mandarin Margarita Meringue Pie,3rd,Blossom Cake,Eliminated,7
60,Selasi,"Grapefruit, Orange and Mint Meringue Pie",7th,Three Tiered Ombré Floral Cake,Safe,7
60,Tom,Blood Orange Halloween Pumpkin Pie,1st,Floral Tea Cake,Star Baker,7
61,Andrew,Tropical Holiday Roulade,1st,Childhood Ice Cream Mousse Cakes,Star Baker,7
61,Benjamina,Piña Colada Roulade,3rd,Apple Crumble Mousse CakeChocolate Coffee Mousse Cake,Safe,7
61,Candice,Crowd Pleaser Roulade,2nd,Blackberry and Raspberry BubblesAfter Dinner Mousse,Safe,7
61,Jane,Chocolate and Hazelnut Roulade,4th,"Chocolate, Coffee, and Vanilla Joconde CakesBlackcurrant and Vanilla Ombré Mousses",Safe,7
61,Selasi,Summer Picnic Roulade,6th,"Lemon, Raspberry and Passionfruit and Chocolate and Mint Mini Mousse Cakes",Safe,7
61,Tom,Millionaire's Roulade,5th,Hipster Picnic,Eliminated,7
62,Andrew,Da Vinci Inspired Geared Pies,2nd,Jousting Knights Marchpane,Safe,7
62,Benjamina,Mexican Adventure,4th,Tudor Garden,Eliminated,7
62,Candice,Cheesy Cheeky Fish Pies,1st,Peacock,Star Baker,7
62,Jane,Tudor Rose Pies,5th,Swans,Safe,7
62,Selasi,Bouquet of Flowers,3rd,Fruity Tudor Marchpane,Safe,7
63,Andrew,Cheesy Elephant EarsHerby Treble Clefs,2nd,Philharmonic Fondants,Star Baker,7
63,Candice,"Red Onion, Cambozola and Walnut PalmiersMushroom, Streaky Bacon, and Parmesan Palmiers",3rd,Chocolate Praline Fondant FanciesCherry Bakewell Fondant Fancies,Safe,7
63,Jane,"Pesto and Sundried Tomato PalmiersGoats Cheese, Olive and Parma Ham Palmiers",1st,Pistachio and Raspberry Fondant FanciesLemon Curd Surprise Fondant Fancies,Safe,7
63,Selasi,"Sundried Tomato, Onion, Peppers and Parmesan PalmiersSalmon, Spinach and Mushroom Palmiers",4th,Lime and Ginger Fondant FanciesPink Velvet and Raspberry Prosecco Fondant Fancies,Eliminated,7
64,Andrew,Crunchy Caramel Cassis Crown,1st,Family and Friends' Favourites Picnic,Runner-up,7
64,Candice,Queen Victoria's Mango and Strawberry Crown,2nd,Picnic for Pearly Kings and Queens,Winner,7
64,Jane,"Red, White and Blue Meringue Crown",3rd,Family Favourites Feast,Runner-up,7
65,Chris,Tropical Fresh Fruit Cake,12th,'Raised Pork Pie and Egg Surprise' Cake,Safe,8
65,Flo,Citrus Layer Cake,9th,'One in a Melon' Cake,Safe,8
65,James,"Orange, Rhubarb & Ginger Crumble Cake",2nd,'Mock-accino and Croissant' Cake,Safe,8
65,Julia,Courgette and Lemon Cake,3rd,'Russian Doll' Cake,Safe,8
65,Kate,Moroccan Strawberry and Rose Cake,1st,'Chocolate Terrarium' Cake,Safe,8
65,Liam,Apple and Almond Crumble Maple Loaf,8th,'Stackin' Sunday' Cake,Safe,8
65,Peter,Coconut Cake,10th,'Bread on a Breadboard' Cake,Eliminated,8
65,Sophie,Pineapple and Coconut Sandwich Cake,5th,'Champagne Bottle and Bucket' Cake,Safe,8
65,Stacey,Granny Smith Apple and Walnut Cake,11th,'Black Evening Clutch Bag' Cake,Safe,8
65,Steven,Bonfire Night Cake,6th,'A Baker's Lunch' Cake,Star Baker,8
65,Tom,Gilded Pear and Cardamom Cake,7th,'Stack of Books' Cake,Safe,8
65,Yan,Windfall Apple Crumble Cake,4th,'Banana-ramen' Cake,Safe,8
66,Chris,Chocolate Chia Seed Biscuits with Whisky Caramel Filling,11th,'The Great British Sail Off' Game,Eliminated,8
66,Flo,Gin Jam Butties,10th,'Pick My Bones' Game,Safe,8
66,James,Rhubarb and Custard Whirls,3rd,'Coppit' Game,Safe,8
66,Julia,Middle Eastern Delight Sandwich Biscuits,4th,'A British Baking' Game,Safe,8
66,Kate,Coconut Seashells for a Titanic Afternoon Tea,8th,'Jungle' Game,Safe,8
66,Liam,Coffee Malted Pecan Shorties,7th,'Classroom Classics' Game,Safe,8
66,Sophie,Lemon Limoncino Sandwich Biscuits,2nd,'Snakes and Ladders' Game,Safe,8
66,Stacey,Sparkly Chocolate and Marshmallow Fluff Cookies,9th,'Get to School' Game,Safe,8
66,Steven,Amarpressi Biscuits,6th,'Check Bake' Game,Star Baker,8
66,Tom,Coffee and Amaretto Kisses,5th,'Drain Pipes and Ladders' Game,Safe,8
66,Yan,'Mrs. Marian's PB 'n' B' Biscuits,1st,'Adventures in Bakeland' Game,Safe,8
67,Flo,Cinnamon and Orange Teacakes,7th,'Davy Jones' Locker' Bread Sculpture,Eliminated,8
67,James,Nordic Teacakes,9th,'Owl in the Woods' Bread Sculpture,Safe,8
67,Julia,Earl Grey Dried Fruit Teacakes,2nd,'The Snail Under a Mushroom' Bread Sculpture,Star Baker,8
67,Kate,Blueberry Buns,10th,'Kraken' Bread Sculpture,Safe,8
67,Liam,Jamaican Spiced Teacakes,5th,'Kneadapolitan' Bread Sculpture,Safe,8
67,Sophie,Tagine Teacakes,6th,'Picnic Basket' Bread Sculpture,Safe,8
67,Stacey,Cranberry and Cinnamon Teacakes,1st,'Ascot Hat' Bread Sculpture,Safe,8
67,Steven,Madras Cocktail Teacakes,3rd,'The Bag I Knead' Bread Sculpture,Safe,8
67,Tom,Orange and Cranberry Teacakes,4th,'Pink & Yellow Rose Centrepiece' Bread Sculpture,Safe,8
67,Yan,'Mrs P's' Masala Chai Spiced Teacakes,8th,'Basil the Vegetarian Dragon with his Pumpkin Hoard' Bread Sculpture,Safe,8
68,James,'Windy City' Millionaire Shortbreads,2nd,Nutty Caramel Cake,Safe,8
68,Julia,Pecan Salted Caramel Millionaire Shortbreads,9th,Poppy Seed Caramel Cake,Safe,8
68,Kate,Salted Bay Caramel Millionaire Shortbreads,6th,Sticky Toffee Apple Caramel Cake,Star Baker,8
68,Liam,Salted Peanut Butter Millionaire Shortbreads,3rd,White Layered Ginger Caramel Cake,Safe,8
68,Sophie,Jaffa Millionaire Shortbreads,4th,Bird's Nest Caramel Cake,Safe,8
68,Stacey,Rum Salted Caramel Millionaire Shortbreads,1st,Chocolate and Coffee Caramel Cake,Safe,8
68,Steven,Orange Macadamia Nut Millionaire Shortbreads,7th,Caramel Crown Cake,Safe,8
68,Tom,Stem Ginger Caramel Shortbreads,5th,Hummingbird Cake,Eliminated,8
68,Yan,'Lil' Red's Ginger and Nuts' Millionaire Shortbreads,8th,Animals of the Rainforest Caramel Cake,Safe,8
69,James,Orange and Ginger Steamed School Pudding,7th,'The Missed Silver Jubilee' Trifle Terrine,Eliminated,8
69,Julia,Orange & Treacle Steamed School Pudding,3rd,'Opulent Ornament' Trifle Terrine,Safe,8
69,Kate,'Mr Darcy's Steamy Lake Scene' Steamed School Pudding,8th,'My Great Great Nan's' Raspberry Trifle Terrine,Safe,8
69,Liam,Cherries & Lemons that are 'Baked Well',2nd,'Cheers Lads' Trifle Terrine,Safe,8
69,Sophie,"Ginger, Fig and Honey Steamed School Pudding",1st,"Raspberry, Yuzu & White Chocolate Bûche Trifle Terrine",Star Baker,8
69,Stacey,Bakewell Tart Steamed School Pudding,4th,Tropical Trifle Terrine,Safe,8
69,Steven,Lemon & Blackcurrant Drizzle Steamed School Pudding,5th,'From Across the Jelly Pond' Trifle Terrine,Safe,8
69,Yan,Mango Fruit Hat Steamed School Pudding,6th,'Heart of a Hero' Trifle Terrine,Safe,8
70,Julia,'Pies from the Tree' Decorative Pies,7th,'Special Occasion' Pie,Eliminated,8
70,Kate,'Vegetarian Pie Faces' Decorative Pies,5th,Potato Curry Pie with Mango & Chilli Glaze,Safe,8
70,Liam,'Standard FC' Decorative Pies,4th,'Nan's Sunday Dinner' Pie,Star Baker,8
70,Sophie,'The Four Seasons' Decorative Pies,2nd,Game Pie with Glazed Forest Fruits,Safe,8
70,Stacey,'Love Theme' Decorative Pies,6th,Indian Hand Raised Pie with Mango,Safe,8
70,Steven,'Fleetwood Mac' Decorative Pies,3rd,Christmas Pie,Safe,8
70,Yan,'πr2' Decorative Pies,1st,Chequerboard Pie,Safe,8
71,Kate,'Happy Hour' Cocktail Cannoli,6th,'Flavour Fusion' Sfogliatelle,Safe,8
71,Liam,'Just Doing Me' Cannoli,2nd,'Morning Delivery' Sfogliatelle,Safe,8
71,Sophie,'Classics with a Twist' Cannoli,3rd,'Classics' Sfogliatelle,Safe,8
71,Stacey,My All Time Favourite Desserts,4th,Pastry Surprise,Safe,8
71,Steven,Italian Style Cannoli,1st,'Sicilian-style' Sfogliatelle,Star Baker,8
71,Yan,Cannoli Cocktails,5th,Canadian Style Sfogliatelle,Eliminated,8
72,Kate,Burrito  Bedfordshire Clangers,2nd,'Liver Building Turret' Savoy Cake,Safe,8
72,Liam,'Take Out' Bedfordshire Clangers,5th,'Fort Wizardore' Savoy Cake,Eliminated,8
72,Sophie,Char Siu & Banana Praline Bedfordshire Clangers,4th,Citrus with Green Apple Croquembouche Savoy Cake,Safe,8
72,Stacey,Camembert & Onion and Apple & Blueberry Bedfordshire Clangers,3rd,'Bright' Lemon & Orange Savoy Cake,Star Baker,8
72,Steven,'Mediterranean Medley' Bedfordshire Clangers,1st,Chestnut Rum Savoy Cake,Safe,8
73,Kate,Bellini and Valencian Orange Choux Buns,4th,'Rainbow' Meringue Centrepiece,Safe,8
73,Sophie,Strawberry & Rhubarb and Chestnut & Vanilla Choux Buns,1st,'Tutu with Opera Filling' Meringue Centrepiece,Star Baker,8
73,Stacey,'Choux-nicorn and Choux-moji' Choux Buns,2nd,'Flamingos in Love' Meringue Centrepiece,Eliminated,8
73,Steven,Key Lime Cheesecake and Bakewell Tart Choux Buns,3rd,'Some Air Over the Rainbow' Meringue Centrepiece,Safe,8
74,Kate,"Roman Spelt, Coconut Kala Chana & Flower Breads",3rd,"White Chocolate, Yuzu and Lychee Entremet",Runner-up,8
74,Sophie,"Spelt Boules, Mushroom Ciabatta & Orange Plaited Brioche",2nd,'Ode to the Honey Bee' Entremet,Winner,8
74,Steven,"Spelt & Rye, Toasted Garlic & Fontina and Sweet Chocolate Breads",1st,'Yin Yang' Entremet,Runner-up,8
75,Antony,Turmeric and Caraway Goosnargh Cakes,12th,"""Kilimanjaro Selfie""",Safe,9
75,Briony,Apple Cider Empire Biscuits,2nd,"""Bristol Biscuit Selfie""",Safe,9
75,Dan,Lemon and Strawberry Shrewsburys,4th,"""New Dad in Palm Springs""",Safe,9
75,Imelda,Cherry and White Chocolate Oatmeal Biscuits,11th,"""Seaside Selfie""",Eliminated,9
75,Jon,Aberffraw 'Creams',5th,"""A Sailing Selfie by the Sea""",Safe,9
75,Karen,Yorkshire Perkins,6th,"Rosewater and Cardamom ""Holiday Selfie""",Safe,9
75,Kim-Joy,Orange Blossom York Biscuits,10th,"""Me at Miyajima Shrine""",Safe,9
75,Luke,Yorkshire Gingernuts,8th,"""What Happens In Vegas...!""",Safe,9
75,Manon,Hazelnut Cornish Shortbread,3rd,Matcha and White Chocolate Ganache Japanese Selfie,Star Baker,9
75,Rahul,Fennel and Coconut Pitcaithly Bannock,7th,"""First Spring in the UK""",Safe,9
75,Ruby,Masala Chai Devon Flats,1st,"""Gingerbread Marathon Selfie""",Safe,9
75,Terry,Lake District Ginger Shortbread,9th,"""Brandy Snap Selfie""",Safe,9
76,Antony,Cardamom and Coconut Burfi Traybake,9th,"Pistachio, Saffron and Rose Cake",Safe,9
76,Briony,Turron and Orange Traybake,5th,Chocolate Fudge and Salted Caramel Creation,Safe,9
76,Dan,Black Forest Slice,3rd,Dark Chocolate and Raspberry Birthday Cake,Safe,9
76,Jon,Lemon Meringue Traybake,1st,Hawaiian Shirt Pina Colada Cake,Safe,9
76,Karen,Almond and Marzipan Traybake with Rhubarb Jam,11th,Strawberry Fayre Chocolate Cake,Safe,9
76,Kim-Joy,Pandan Chiffon Cake with Palm Sugar Cream,4th,Yuzu and Raspberry Genoise Cat Cake,Safe,9
76,Luke,Lemon and Poppy Seed Traybake,7th,Raspberry and White Chocolate Collar Cake,Eliminated,9
76,Manon,Rosemary and Honey Traybake,6th,Almond Princess Cake,Safe,9
76,Rahul,Lemon and Cardamom Traybake,2nd,Chocolate Orange Layer Cake[a],Star Baker,9
76,Ruby,Boozy Black Forest Traybake,10th,"Chocolate Orange ""Jackson Pollock"" Collar Cake",Safe,9
76,Terry,Rum and Raisin Traybake,8th,Champagne and Strawberries Eiffel Tower Collar Cake,Safe,9
77,Antony,Decadent Breakfast Chelsea Buns,8th,Chocolate and Orange Adventure Korovai,Eliminated,9
77,Briony,Balsamic Strawberry Chelsea Buns,9th,Happily Ever After Korovai,Safe,9
77,Dan,Sticky Spiced Orange Chelsea Buns,6th,Wedding Korovai,Safe,9
77,Jon,Cardiff City vs Chelsea Buns,2nd,Korovai Dydd Dewi Sant,Safe,9
77,Karen,Peak District Christmas Chelsea Buns,5th,French Breakfast Wedding Korovai,Safe,9
77,Kim-Joy,Pistachio and Cardamom Tangzhong Chelsea Buns,10th,"Orange, Cinnamon and Cranberry 'Kit-ovai'",Safe,9
77,Manon,"Apricot, Cranberry and Marzipan Chai Chelsea Buns",3rd,Fabergé Inspired Traditional Korovai,Safe,9
77,Rahul,Mango and Cranberry Chelsea Buns,4th,Garden Wedding Korovai,Star Baker,9
77,Ruby,"Gujarela Chelsea Buns with Dates, Almonds and Raisins",7th,Mama and Papa's Belated Wedding Korovai,Safe,9
77,Terry,Tangy Citrus Sticky Chelsea Buns,1st,Garden Korovai,Safe,9
78,Briony,Treacle Tart Roulade,5th,Blood Orange & Amaretto Sticky Toffee Sphere,Safe,9
78,Dan,Florida Roulade,1st,Dan and the Giant Peach,Star Baker,9
78,Jon,Mango and Passion Fruit Roulade,3rd,Lucy and Hannah's Ballet Cake,Safe,9
78,Karen,Coffee Cream and Praline Roulade,7th,Chateau Du Chambord Framboise,Safe,9
78,Kim-Joy,'Sweet Dreams' Roulade,6th,Melting Chocolate Galaxy,Safe,9
78,Manon,Amarene and Kirsch Cherry Roulade,8th,White Chocolate Renaissance Surprise,Safe,9
78,Rahul,Rhubarb and Custard Roulade,4th,Opera Cake with Kalash Inspired Dome,Safe,9
78,Ruby,Pina Colada Roulade,2nd,Chocolate Egg,Safe,9
78,Terry,Did not compete,Did not compete,Did not compete,Safe,9
79,Briony,Honey and Apricot Ginger Cake,6th,Turmeric Latte Chandelier,Safe,9
79,Dan,Ginger and Lemon Drip Cake,2nd,Birthday Kaleidoscope for Constance,Safe,9
79,Jon,Family Christmas Ginger Cake,7th,Birthday Chandelier for Emily's 21st,Safe,9
79,Karen,Bonfire Night Ginger Cake,9th,Pontefract Girls' School Reunion,Eliminated,9
79,Kim-Joy,Stem Ginger Cake with Poached Pears,4th,Christmas Spiced Ice Chandelier,Star Baker,9
79,Manon,Italian Meringue Ginger Cake,5th,Art Deco Spiced Biscuit Chandelier,Safe,9
79,Rahul,Bonfire Night Caramel Ginger Cake,3rd,Durga Puja Cardamom Chandelier,Safe,9
79,Ruby,Jamaican Me Crazy Ginger Cake,1st,Peacock Chandelier,Safe,9
79,Terry,Caramelised Pear and Stem Ginger Cake,8th,12 Days of Christmas Chandelier,Eliminated,9
80,Briony,Home Comforts,1st,"""Down the Rabbit Hole"" Banquet Pie",Star Baker,9
80,Dan,Festive Samosas,6th,Salmon Coulibiac,Eliminated,9
80,Jon,"A Romantic Dinner For Two, Samosa Style",2nd,Welsh Dragon Pie,Safe,9
80,Kim-Joy,Flavours of India,5th,Silke the Vegetarian Mermaid,Safe,9
80,Manon,Samosas for Mum,4th,"""What Has Poppy Eaten?""",Safe,9
80,Rahul,Paneer Singara and Misti Singara,3rd,Butterfly Pie,Safe,9
80,Ruby,Traditional Samosas,7th,Kohinoor Crown,Safe,9
81,Briony,French Onion TartletsCeleriac & Apple Tartlets,5th,Hazelnut Mocha Cake,Safe,9
81,Jon,Garlic Mushroom TartletsFalafel & Hummus Tartlets,4th,Only Fools Eat Horses Cake,Eliminated,9
81,Kim-Joy,Broccoli & Tomato QuichesMascarpone Squirrel Tartlets,6th,Lavender & Lemon Fox Cake,Star Baker,9
81,Manon,Summer & Winter Tartlets,2nd,Spiced Apple Cake,Safe,9
81,Rahul,Coriander Posto & Veg TartletsGhugni Chaat Tartlets,1st,Chocolate & Coconut Layer Cake with Raspberry Jam,Safe,9
81,Ruby,Sage & Butternut Tartlets'Cheesy Greens' Tartlets,3rd,"Chocolate, Lemon & Coconut Cake",Safe,9
82,Briony,Spanish & West Country Smørrebrød,1st,Nana Pat Kagekone,Safe,9
82,Kim-Joy,Bumblebee Eggs & Fish Smørrebrød,2nd,Off to the Opera Kagekone,Safe,9
82,Manon,Cheese and Fruit Smørrebrød,4th,Birthday Girl Kagekone,Eliminated,9
82,Rahul,Smoked Salmon & Roasted Vegetable Smørrebrød,5th,Indian King Kagemand,Safe,9
82,Ruby,Post-Gym Smørrebrød,3rd,Sister Kagekone,Star Baker,9
83,Briony,Mojito MadeleinesEspresso Martini Madeleines,3rd,British Tea to French Pâtisserie Window,Eliminated,9
83,Kim-Joy,Ginger and Lemon MadeleinesOrange Bunny Madeleines,2nd,Flavourite Flavours Window Display,Safe,9
83,Rahul,Lemon and Raspberry MadeleinesOrange Curd Madeleines,4th,Classic Tribute to Pâtisserie Window,Safe,9
83,Ruby,Pick Your Own Madeleines,1st,Parisian Un Bouquet de Fleurs Window Display,Star Baker,9
84,Kim-Joy,Amaretto Diplomat Filled DoughnutsLemon Ring Doughnuts,1st,Lost City of Atlantis Dessert Landscape,Runner-up,9
84,Rahul,Mango Créme Pâtissière Filled DoughnutsSpiced Orange Ring Doughnuts,2nd,Edible Rock Garden,Winner,9
84,Ruby,Dulce De Leche Filled DoughnutsRaspberry and Cardamom Ring Doughnuts,3rd,Magical Edible Landscape,Runner-up,9
85,Alice,Gingerbread Fruit Cake Wreath,5th,Like a Child in a Sweetshop Cake,Safe,10
85,Amelia,Christmas Cake,4th,Carousel Birthday Cake,Safe,10
85,David,Squishy Squashy Fruit Cake,10th,Snakey Birthday Cakey,Safe,10
85,Dan,Jamaican Rum Cake,9th,Pirate Island Cake,Eliminated,10
85,Helena,Fruit Bat Cake,12th,Away with the Fairies Cake,Safe,10
85,Henry,Wood Street Cake,1st,Secret Woodland Cake,Safe,10
85,Jamie,Easter Simnel Cake,13th,Salted Caramel Schnauzer Birthday Cake,Safe,10
85,Michael,Cup of Chai Cake,11th,Treasure Chest Cake,Safe,10
85,Michelle,Bara Brith Teulu Ni (Our Family's Bara Brith),6th,Tŷ Tylwyth Teg (Fairy House Cake),Star Baker,10
85,Phil,Spiced Fruit Cake with Rum Glaze,8th,Retro Rocket Cake,Safe,10
85,Priya,Sunshine Fruit Cake,7th,Once Upon a Time Cake,Safe,10
85,Rosie,Spicy Chai Loaf,2nd,Magical Jungle Cake,Safe,10
85,Steph,Great Grandma's Fruit Cake,3rd,A Sundae on the Beach Cake,Safe,10
86,Alice,Honeycomb Peanut Mallow Bars,1st,Chocolate and Coconut New Zealand Lamb,Star Baker,10
86,Amelia,"Pistachio, Almond & Raisin Nougat Biscuit Bars",9th,Swimming with Dolphins,Safe,10
86,David,Coco-nutty Chocolate Bars,2nd,Wedding Spray,Safe,10
86,Helena,Wicked Witch Fingers,12th,Caught in a Spider's Web,Safe,10
86,Henry,"Coffee, Cardamom & Hazelnut Bars",6th,Chapel Organ,Safe,10
86,Jamie,Cherry Caramel Shortbread Biscuit Bars,11th,Biscuit Guitar,Eliminated,10
86,Michael,Lemon & Rosemary Biscuit Bars,4th,Hamish the Highland Cow,Safe,10
86,Michelle,Bakewell Bars,8th,Dewi y Ddraig Cymraeg – Dewi the Welsh Dragon,Safe,10
86,Phil,"Orange, Cranberry & White Chocolate Fudge Bars",3rd,Tina the Tortoise,Safe,10
86,Priya,Ruby Barfi Biscuit Bars,7th,The Beast of Rocky Mountain,Safe,10
86,Rosie,Virgin Mojito Biscuit Bars,5th,My Favourite Chicken – A Celebration of Legs,Safe,10
86,Steph,"Chocolate, Caramel Macchiato Biscuit Bars",10th,Ginger the Cat,Safe,10
87,Alice,Baklava Tear & Share,7th,Global Bread,Safe,10
87,Amelia,Chorizo Brunch Tear & Share,11th,Caterpillar Transformation,Eliminated,10
87,David,Cinnamon Swirl Tear & Share,2nd,Trio of African Masks,Safe,10
87,Helena,Frosted Cinnamon and Pecan Tear & Share,8th,Every Bread is Halloween,Safe,10
87,Henry,Chicken and Pesto Tear & Share,1st,Herb Garden,Safe,10
87,Michael,Keralan Star Bread Tear & Share,6th,Mediterranean Camp Fire,Star Baker,10
87,Michelle,Noson Caws (Cheese Night),5th,Gardd Ni (Our Garden),Safe,10
87,Phil,Pancetta and Cheese Focaccia Tear & Share,10th,Winner's Wreath,Safe,10
87,Priya,Smokey Jalapeño Tear & Share,4th,Bird Boules,Safe,10
87,Rosie,Chilli and Manchego Tear & Share,9th,Bread Safari,Safe,10
87,Steph,Sun-Dried Tomato and Pesto Star Tear & Share,3rd,Hand-Tied Bouquet of Flowers,Safe,10
88,Alice,Leafy Yoghurt Cake,8th,Afternoon Tea,Safe,10
88,David,A Kick of Limoncello Cake,2nd,Flavours of India Mishti,Safe,10
88,Helena,Ghost Cake,9th,Ye Olde English Sweet Shoppe Mishti,Safe,10
88,Henry,Ode to a German Breakfast Cake,3rd,Seaside Mishti,Safe,10
88,Michael,Cheesecake Surprise,7th,Flag of India Mishti,Safe,10
88,Michelle,Homely Rhubarb Cake,5th,Home Comforts Mishti,Safe,10
88,Phil,Trucking Lovely Rose Cake,6th,A Corner of My Garden Mishti,Eliminated,10
88,Priya,Choc-chip Banana Cake,10th,Flavours of My Childhood Mishti,Safe,10
88,Rosie,A Good Dose of Limoncello Cake,4th,Cocktails & Canapés Mishti,Safe,10
88,Steph,Answer to Everything Cake,1st,Pink and Pretty Mishti,Star Baker,10
89,Alice,Chocolate & Orange Custard Pies,6th,Piña Colada Cake,Safe,10
89,David,Fancy Custards,9th,Amaretto Sour Cake,Safe,10
89,Helena,Lemon and Lavender Pies,1st,Vampire's Kiss Raspberry Vodka Cake,Eliminated,10
89,Henry,1920's Pies,3rd,White Russian Cake,Safe,10
89,Michael,"Mango, Lime & Ginger Pies",8th,Brambling Cake,Safe,10
89,Michelle,Blueberry & White Chocolate Crème Brûlée Pies,7th,My Little Sister the Dancing Queen's Piña Colada Cake,Eliminated,10
89,Priya,Lemon & Raspberry Ripple Pies,2nd,Meena Colada Cake,Safe,10
89,Rosie,Little Blackberry Pies,5th,White Russian Cake,Safe,10
89,Steph,Zesty Citrus Custard Pies,4th,Sour Lime Piña Colada Cake,Star Baker,10
90,Alice,Black Forest Meringue,1st,Tiramisu Bombe,Safe,10
90,David,Spiced Meringue Surprise,2nd,Delightful Bombe,Safe,10
90,Henry,Towering Meringue Cake,4th,Bonfire Bombe,Safe,10
90,Michael,Dark Chocolate Meringue Cake,6th,Black Forest Bombe,Safe,10
90,Priya,Family Favourite,7th,Summer Fruit Bombe,Eliminated,10
90,Rosie,Layers of Lime and Raspberry,5th,Ruby Bombe,Safe,10
90,Steph,Eton Mess,3rd,Mirror Bombe,Star Baker,10
91,Alice,"Lemon, Blueberry & Almond Hot Cross Buns",6th,"Chocolate, Orange and Salted Caramel Kaleidoscope Sarawak Style Layered Cake",Safe,10
91,David,Kozunak Plaits,2nd,Sarawak Style Layer Cake Sculpture,Safe,10
91,Henry,Chocolate Kardemummabullar,3rd,Elegant Present Box,Star Baker,10
91,Michael,Figgy Pudding Hot Cross Buns,5th,Jamaican Mule Sarawak Style Layer Cake,Eliminated,10
91,Rosie,Mardi Gras Finnish Semlor Peacock Festival Buns,1st,Rainbow Sarawak Style Layer Cake,Safe,10
91,Steph,Zest and Spice Hot Cross Buns,4th,Orange and Chai Spiced Revitalise Cake,Safe,10
92,Alice,"Leek, Apple & Goat's Cheese Tarte Tatin",3rd,Apple Tree House Pie,Safe,10
92,David,Caramelly Carroty Tarte Tatin,1st,Whitby Fish Pie,Safe,10
92,Henry,"Crab, Tomato & New Potato Tarte Tatin",5th,Chandelier Picnic Pie,Eliminated,10
92,Rosie,"Shallot, Aubergine & Goat's Cheese Spiced Tarte Tatin",2nd,Rapunzel's Tower,Safe,10
92,Steph,Caramelised Onion & Goat's Cheese Tarte Tatin,4th,Curried Chickpea & Potato Carousel Pie,Star Baker,10
93,Alice,"Mocha, Hazelnut & Orange Domed Tarts",4th,Save Our Oceans,Star Baker,10
93,David,Aperitif Domed Tarts,2nd,Greenhouse Growing Moss,Safe,10
93,Rosie,"Lemon, Raspberry & Mint Domed Tarts",1st,Time with Family,Eliminated,10
93,Steph,"Raspberry, Lemon & White Chocolate Domed Tarts",3rd,A Night at the Opera,Safe,10
94,Alice,"Chocolate, Pear, Ginger and Maple Cake",2nd,End of the School Year Celebration Picnic,Runner-up,10
94,David,"Chocolate, Armagnac and Prune Cake",1st,Peachy Pic-Nik,Winner,10
94,Steph,Black Forest Chocolate Cake,3rd,Picnic in the Park,Runner-up,10
95,Dave,Chocolate Espresso Martini Battenberg,9th,'Three Flavours of Tom DeLonge',Safe,11
95,Hermine,Chocolate & Orange Battenberg,5th,'Ode to Lupita',Safe,11
95,Laura,'Celebration of Summer' Battenberg,6th,Lemon & Elderflower Freddie,Safe,11
95,Linda,Ambulance Battenberg,12th,Lemon & Orange Bob Marley,Safe,11
95,Loriea,'Hot Summer's Day Treats' Battenberg,10th,'Flavours of Jamaica' A Tribute to Miss Lou,Eliminated,11
95,Lottie,Rhubarb and Custard Battenberg,4th,Coconut & Lime Louis Theroux,Safe,11
95,Mak,East India Battenberg,8th,Tribute to Bill Bryson,Safe,11
95,Marc,Bittersweet Battenberg,11th,Chocolate & Vanilla Ziggy,Safe,11
95,Mark,Turkish Bazaar Inspired Battenberg,7th,'Origin-ger of the Species' by Charles Darwin,Safe,11
95,Peter,Gluten-Free Chocolate & Orange Battenberg,2nd,'In Honour of Sir Chris',Star Baker,11
95,Rowan,'The Magic Flute' Battenberg,3rd,'Let Them Eat Cake' A Tribute To Marie Antoinette,Safe,11
95,Sura,Lemon and Orange Battenberg,1st,'Ode to Attenborough',Safe,11
96,Dave,Feathered Chocolate Mango Florentines,1st,'Waiting for Tacos',Star Baker,11
96,Hermine,Mango and Coconut Florentines,5th,Sakura Tea Set,Safe,11
96,Laura,Salted Caramel Florentines,7th,Celebration Afternoon Tea,Safe,11
96,Linda,Flower Topped Florentines,4th,'High Tea in Amsterdam',Safe,11
96,Lottie,Quarantine Florentines,8th,Viking Victuals,Safe,11
96,Mak,Mango and Cumin Florentines,3rd,Indian Chai Service,Eliminated,11
96,Marc,"Ginger, Cherry and Pistachio Florentines",9th,Morning Coffee 'n' Toast,Safe,11
96,Mark,Mango Lassi Florentines,2nd,Ethiopian Coffee Ceremony,Safe,11
96,Peter,Sticky Toffee Florentines,10th,Biscuit Burns Supper,Safe,11
96,Rowan,Waistcoat Florentines,11th,'Worse Things Happen At Sea',Safe,11
96,Sura,Sohan Florentines,6th,Speculaas Ramadan Tea Time,Safe,11
97,Dave,Chilli Chocolate & Cheesy Bacon Soda Breads,9th,'Grateful For My Home and Little Family',Safe,11
97,Hermine,My Favourite Flavours Soda Bread,7th,A Journey Back to France,Safe,11
97,Laura,Nana Peg's Nicely Spiced & Cherrylicious Soda Breads,6th,Showstopping Musical Theatre Inspired Showstopper,Safe,11
97,Linda,Bara Cyflym Quick Bread,1st,'Fruits of our Labour' Black Olive Bread & Tiger Bread,Safe,11
97,Lottie,Blueberry Breakfast & Summertime Soda Breads,5th,My House In Bread,Safe,11
97,Marc,Cornish Soda Breads,2nd,The Dharma Wheel Bread Sheaf,Star Baker,11
97,Mark,Sausage & Stout Sodas,3rd,Orchard County Bread with Sweet Apple and Savoury Wild Garlic,Safe,11
97,Peter,Black Pudding & Ginger Beer Soda Breads,4th,Edinburgh Cityscape Bread Plaque,Safe,11
97,Rowan,Flavours of Italy,10th,Worcestershire Pear Tree,Eliminated,11
97,Sura,Middle Eastern Inspired Soda Breads,8th,Mama's Tomato Vine Harvest Loaf,Safe,11
98,Dave,Honeycomb Explosion Brownies,8th,Strawberry Splash White Chocolate Fraisier Cake,Safe,11
98,Hermine,"Raspberry, White Chocolate & Pistachio Brownies",5th,Lemon & White Chocolate Cake,Safe,11
98,Laura,Salted Caramel Brownie S'mores,2nd,Chocolate Heaven Cake,Safe,11
98,Linda,'Treats of Christmas Past',1st,English Rose Cake,Safe,11
98,Lottie,'Have Your Cake and Eat It' Brownies,9th,Nana and Papa's Sapphire Anniversary Cake,Safe,11
98,Marc,Praline Brownies,6th,White Chocolate & Raspberry Buttercream Celebration Cake,Safe,11
98,Mark,'Gimmie S'more' Brownies,3rd,'A Baking Show Birthday',Star Baker,11
98,Peter,Upside Down Brownies,4th,Graduation Cake,Safe,11
98,Sura,Double Chocolate Marshmallow Brownies,7th,Strawberry & White Chocolate Celebration Cake,Eliminated,11
99,Dave,Thai Basil Chicken Pasties,5th,"Chocolate, Mango and Lime Tart",Safe,11
99,Hermine,Moroccan Tagine Pasties,2nd,Lime Confit & Lemon Meringue Tart,Safe,11
99,Laura,Proper Tasty Pasties,6th,Kent Garden Tart,Star Baker,11
99,Linda,Spicy Indian Pasties,8th,Gypsy Tart,Eliminated,11
99,Lottie,Toad-In-The-Hole-Less Pasties,4th,Apple Tree Tart,Safe,11
99,Marc,Cornish Fish Pasties,7th,Posh Apple & Blackberry Pie,Safe,11
99,Mark,Aloo Gobi & Paneer Pasties,3rd,Mes-SAGE in a Bottle,Safe,11
99,Peter,Kedgeree Pasties,1st,Blackberry & Lemon Tart,Safe,11
100,Dave,Chicken Shaped Katsu Curry Buns,3rd,Matcha Shiba Inu Cake,Safe,11
100,Hermine,Chicken Nikuman Panda Buns,4th,Strawberry Cherry Blossom Cake,Safe,11
100,Laura,Piggy Pork Belly Buns,7th,Upside Down Pineapple Cake,Safe,11
100,Lottie,Cheeseburger Steamed Buns,2nd,'Into the Japanese Woods',Star Baker,11
100,Marc,'Hmmmm Dhal' Steamed Buns,6th,Hamish the Dog Cake,Safe,11
100,Mark,Burger Buns,5th,'Avo Baby',Eliminated,11
100,Peter,Lamb Steamed Buns,1st,Dizzy the Shuttlecock,Safe,11
101,Dave,Novel Quiches,6th,'Tiramisu',Safe,11
101,Hermine,Classic Quiches,1st,Holiday Ice Cream Cake,Star Baker,11
101,Laura,Pea & Pizza Quiches,4th,'Death by Chocolate',Safe,11
101,Lottie,English Breakfast & Summer Salad Quiches,5th,'80's Mix Tape',Eliminated,11
101,Marc,Cornish Quiches,3rd,Retro Ice Cream Parlour,Safe,11
101,Peter,Thai Curry and Salmon Quiches,2nd,'Christmas Cake Surprise',Safe,11
102,Dave,'Celebration of Citrus' Cheesecakes,5th,Newquay Beach Scene,Safe,11
102,Hermine,Passion Fruit Cheesecakes,3rd,Chocolate and Raspberry Mousse Jelly Cake,Star Baker,11
102,Laura,Passion Fruit Cheesecakes,1st,'Flower Power' Koi Jelly Art Cake,Safe,11
102,Marc,New York Style Vanilla and Mascarpone Cheesecakes,2nd,Apple Jelly with Chocolate and Strawberry Mousse,Eliminated,11
102,Peter,Lime & Ginger Cheesecakes,4th,Snow Globe Jelly Cake,Safe,11
103,Dave,"Honey Tequila, Mango & Passion Fruit Savarins",3rd,Celebration of Chocolate Cube Cake,Safe,11
103,Hermine,Crème et Abricot Baba au Rhum,2nd,'The Best of Hermine' Cube Cake,Eliminated,11
103,Laura,"Poached Pineapple, Kiwi & Passion Fruit Rum Babas",4th,Black Forest Cube Cake,Safe,11
103,Peter,Strawberry & Elderflower Babas,1st,"Chocolate, Raspberry & Pistachio Cube Cake",Star Baker,11
104,Dave,Caramel Latte Custard Slice,1st,Tower to Redemption,Runner-up,11
104,Laura,Yuzu Custard Slice,3rd,Rainbow Dessert Tower,Runner-up,11
104,Peter,Cranachan Custard Slice,2nd,Bonkers Baking Show Bubble Cake,Winner[a],11
105,Amanda,'Cherry Soldier' Mini Rolls,12th,Elderflower & Lemon Surf Explosion,Safe,12
105,Chigs,Strawberries & Cream Mini Rolls,11th,'Where it all Began',Safe,12
105,Crystelle,'Chai and Chai Again' Mini Rolls,8th,'Bouq-cake' of Flowers,Safe,12
105,Freya,Vegan Lemon & Raspberry Mini Rolls,2nd,'Flower Potty',Safe,12
105,George,Chocolate & Hazelnut Mini Rolls,3rd,Greek Table,Safe,12
105,Giuseppe,Easter Mini Rolls,10th,'Jack and The Beanstalk',Safe,12
105,Jairzeno,Lime & Passion Fruit Mini Rolls,9th,'Kick the Can' Cake,Safe,12
105,Jürgen,Schwarzwald Mini Rolls,6th,'Night Time Reading',Star Baker,12
105,Lizzie,Zoo Mini Rolls,4th,Nana's Peaches & Cream,Safe,12
105,Maggie,'Knit & Natter' Mini Rolls,1st,Ice-cream Cornet,Safe,12
105,Rochica,Colin Rolls,7th,Apple Cake,Safe,12
105,Tom,Black Forest Mini Rolls,5th,Classically Spectacular Showstopper,Eliminated,12
106,Amanda,'Open Sesame' Brandy Snaps,4th,Carousel Rocking Horse,Safe,12
106,Chigs,'Espresso Martini' Brandy Snaps,7th,Snooker Table,Safe,12
106,Crystelle,'Apple of My P-eye' Brandy Snaps,10th,Vanity Playset,Safe,12
106,Freya,'Brandy Snapuccinos',3rd,'Winnie',Safe,12
106,George,Cypriot Brandy Snaps,8th,'Paul & Prue Airlines',Safe,12
106,Giuseppe,Gianduja Snaps,2nd,Reversi Board Game,Safe,12
106,Jairzeno,"Chocolate, Passion Fruit & Pineapple Brandy Snaps",9th,Tall Ship,Eliminated,12
106,Jürgen,'A Cup of Chai' Brandy Snaps,1st,'Grandpa's Windmill',Star Baker,12
106,Lizzie,Fast-Food Apple Pie Brandy Snaps,6th,'Paint a Truck',Safe,12
106,Maggie,Blackcurrant Brandy Snaps,5th,Beach Playset,Safe,12
106,Rochica,Coffee Brandy Snaps,11th,Gingerbread Pinball Game,Safe,12
107,Amanda,'Chasing Grainbows' Focaccia,3rd,'I Just FISH We Had More Time',Safe,12
107,Chigs,Spanish Cheesy Meaty Focaccia,6th,Honey Milk Bread Picnic Basket,Safe,12
107,Crystelle,Feta & Grape Focaccia with Fennel & Walnut,9th,'Bready' for Sunday Roast,Safe,12
107,Freya,Mexican Fajita Focaccia,4th,'Under the Sea' Milk Bread Display,Safe,12
107,George,Greek Inspired Focaccia,7th,'The Very Hungry Koala',Safe,12
107,Giuseppe,'Breakfast in Gaeta' Focaccia,1st,'Your Five-a-Day',Star Baker,12
107,Jürgen,'Kipper-caccia' Focaccia,5th,'The Baby',Safe,12
107,Lizzie,'Final Furlong' Focaccia,2nd,Pig Banquet,Safe,12
107,Maggie,Classic Focaccia,8th,'Things You'd Find in a Rock Pool',Safe,12
107,Rochica,"Roast Garlic Focaccia with Tomato, Feta & Pesto",10th,Birdcage,Eliminated,12
108,Amanda,'Chocolate Pav-Love',8th,'Adam's Temptation' Imprimé Dessert,Safe,12
108,Chigs,Tropical Pavlova,3rd,Black Forest Imprimé Dessert,Star Baker,12
108,Crystelle,'Kiwi Lime Pie' Pam-lova,5th,"'Una Piña Colada, Por Favor'",Safe,12
108,Freya,Peach Melba Vegan Pavlova,6th,Chocolate & Orange Imprimé Dessert,Safe,12
108,George,Lemon Curd & Biscuit Cream Pavlova,7th,Peanut Butter & Chocolate Imprimé Dessert,Safe,12
108,Giuseppe,'Every Day at the Beach' Pavlova,4th,Red Fruit & Pistachio Imprimé Dessert,Safe,12
108,Jürgen,'Passover Pavlova',1st,'Passtyme with Good Companye',Safe,12
108,Lizzie,Easter Pavlova,2nd,Liverpool Skyline Imprimé Dessert,Safe,12
108,Maggie,Traditional Pavlova,9th,Paris Skyline Imprimé Dessert,Eliminated,12
109,Amanda,Spritzgebäck & Glühweinplätzchen,8th,Rum. Plum & Raisin Cake,Safe,12
109,Chigs,Marzipan Hausfreunde & Almond Mandelhörnchen,2nd,Lemon & Mixed Peel Cake,Safe,12
109,Crystelle,Chocolate Engelsaugen & Pistachio Heidesand,7th,Bavarian Brioche,Safe,12
109,Freya,Lebkuchen & Zimtsterne,5th,Upside-down Cake,Eliminated,12
109,George,Cherry Marzipan Biscuits & Anisseed Spingerle,6th,Chocolate & Tahini Anniversary Cake,Safe,12
109,Giuseppe,Bethmännchen & Italian Linzer Augen,1st,Amarena Cherry Cake,Star Baker,12
109,Jürgen,Tee-Sterne & Milchkaffee-Gipfele,4th,Beer Soaked Cake,Safe,12
109,Lizzie,Mandelhörnchen & Cheeky Boys,3rd,Bavarian Fairy Tale,Safe,12
110,Amanda,Sweet & Savoury Chouxnuts,5th,'Fancy Terrine Pie',Eliminated,12
110,Chigs,'Oo La La Chouxnuts',3rd,'Leicester Pork Pie',Safe,12
110,Crystelle,Mango Maracujá & Miso Caramel Chouxnuts,2nd,'Lily Nana's Pickle Cottage',Star Baker,12
110,George,Classic Chouxnuts,6th,'Christmas Dinner',Safe,12
110,Giuseppe,Bellissima Chouxnuts,4th,'Laura's Terrine Pie',Safe,12
110,Jürgen,'Exotic Flavour & 70's Colour',1st,'Lunch in Freiburg',Safe,12
110,Lizzie,Caramel & Floral Chouxnuts,7th,'Neptune Pie',Safe,12
111,Chigs,"Chocolate, Coconut & Ginger Caramel Tart",3rd,'Caramel Mistake',Safe,12
111,Crystelle,"Apple, Pecan & Miso Caramel Tart",4th,'Grandad Greg's Cactus Garden',Safe,12
111,George,Caramel Custard & Banana Tart,6th,Salted Caramel Almond & Hazelnut Dacquoise,Eliminated,12
111,Giuseppe,Apricot & Hazelnut Caramel Tart,1st,Salted Caramel & Praline Dessert,Safe,12
111,Jürgen,Triple Nut Caramel Delight,2nd,'Caramel Contrasts',Star Baker,12
111,Lizzie,'My Tart Will Go On',5th,'Roses Really Smell Like Caramel',Safe,12
112,Chigs,Mum's Tropical Delight,1st,Gluten-Free Red Velvet Cake,Star Baker,12
112,Crystelle,Tahini and Miso Coffee Ice Cream Sandwiches,5th,'My Nana's Cascading Dress' Gluten-Free Cake,Safe,12
112,Giuseppe,Ginger and Orange Ice Cream Sandwich,2nd,Gluten-Free Black Forest Cake,Safe,12
112,Jürgen,'Meet My Favourites',4th,Ultimate Gluten-Free Birthday Cake,Safe,12
112,Lizzie,Best Thing About Walks,3rd,Gluten-Free ‘Extraordinary' Cake,Eliminated,12
113,Chigs,Raspberry & Chocolate Slices,4th,'The Apple Doesn't Fall Far from the Tree',Safe,12
113,Crystelle,"Yuzu, Coconut & Black Sesame Slices",3rd,'Tropical Wedding' Entremets,Star Baker,12
113,Giuseppe,Tiramisu Slices,2nd,'Leaning Tower of Pisa',Safe,12
113,Jürgen,Murder at the Opera,1st,'Torii Gate in the Sea',Eliminated[a],12
114,Chigs,'Take Two',2nd,Party Treats,Runner-up,12
114,Crystelle,"Pistachio, Cardamom & Orange Carrot Cake",1st,Crazy Tea Party,Runner-up,12
114,Giuseppe,'Torta Camilla',3rd,'What Is the Hatter with Me',Winner[a],12
115,Abdul,'Cake-y Cacti',6th,'Summer In Pakistan',Safe,13
115,Carole,'To Bee or not to Bee',8th,'Little House In The Country',Safe,13
115,Dawn,"Lime, Coconut & Tamarind Spring Cakes",3rd,'Nan's House',Safe,13
115,James,Sticky Toffee Apple Candles,12th,'Last House On The Loch',Safe,13
115,Janusz,Pistachio & Cherry Vodka Liquor Wuzetka,7th,'Home Is Where The Flowers Grow',Star Baker,13
115,Kevin,Mini Persian Love Cakes,4th,'Ba-Na-Na That's My Hame',Safe,13
115,Maisam,Pistachio Cakes with Raspberry Buttercream,5th,'My Childhood Home',Safe,13
115,Maxy,'Mango Magic Mess',10th,'At My Mama's',Safe,13
115,Rebs,Hazelnut Mocha Latte Mini Cakes,11th,'Piña Colada Cottage',Safe,13
115,Sandro,'A Bitesize of Love',2nd,'Best Time Ever' Cake,Safe,13
115,Syabira,"Coconut, Pandan & Caramel Mousse Cake",1st,'Happiest Childhood Memory',Safe,13
115,Will,Ginger & Caramel Squares,9th,'First London Family Home',Eliminated,13
116,Abdul,'Fudgetastic Maca-Cones',11th,'Parrot-astic' Biscuits,Safe,13
116,Carole,'Just A Mouthful',4th,'Macaron Masquerade',Safe,13
116,Dawn,'Toy Shop Yarns',9th,'Baroque-Punk' Mask,Safe,13
116,James,'Raccarons',2nd,Menacing Mask,Safe,13
116,Janusz,Miniature Melons,6th,Cubist Mask,Safe,13
116,Kevin,Mint Choc Trip,8th,Mythical Mask,Safe,13
116,Maisam,Cute Carrots,7th,Venetian Mask,Eliminated,13
116,Maxy,Baby Daisies,5th,Masquerade,Star Baker,13
116,Rebs,'Wee Branstons',1st,Floral Fascinator,Safe,13
116,Sandro,'Cheat Day Treat',3rd,Carnival Costume,Safe,13
116,Syabira,Satay Macarons,10th,"'Two Face, One Soul'",Safe,13
117,Abdul,Did not compete,Did not compete,Did not compete,Safe1,13
117,Carole,'Pizza Exceptional',8th,'Something Fishy' Smörgåstårta,Safe,13
117,Dawn,Tex-Mex Pizza,6th,Chicken Souvlaki Smörgåstårta,Safe,13
117,James,"'It Does Belong!' Ham, Mushroom and Pineapple Pizza",3rd,'The Most Pandastic' Smörgåstårta,Safe,13
117,Janusz,Full English Breakfast Pizza,1st,'Fish and Chip Shop' Smörgåstårta,Star Baker,13
117,Kevin,'Now Bring Us Some Figgy Pizza',7th,'I've Started So I'll Fin-ish' Smörgåstårta,Safe,13
117,Maxy,Sweet Rosemary Lamb Pizza,2nd,'Curvy Seafood' Smörgåstårta,Safe,13
117,Rebs,Did not compete,Did not compete,Did not compete,Safe1,13
117,Sandro,Sweet & Spicy Pizza,4th,'Ultimate' Smörgåstårta,Safe,13
117,Syabira,Malaysian Prawn Sambal Pizza,5th,Nasi Lemak Smörgåstårta,Safe,13
118,Abdul,Coconut & Raspberry Besos,6th,'Day of the Dead' Tres Leches Cake,Safe,13
118,Carole,Orange & Anise Seed Pan Dulce,10th,'Pastel de Chocolate Mexicano' Tres Leches Cake,Safe,13
118,Dawn,'Dark Chocolate & Chilli Kick' Conchas,5th,'Blooming' Tres Leches Cake,Safe,13
118,James,'Coffee Caramel Oyster' Conchas,8th,Chocolate & Lime 'Many Leches' Cake,Eliminated,13
118,Janusz,Cacti Conchas,7th,'Fruity Horchata' Tres Leches Cake,Safe,13
118,Kevin,'Sweet Breads are Made of These' Borrachitos,4th,'Meci-Cocoa Pyramid' Tres Leches Cake,Safe,13
118,Maxy,'Bella Naranja' Conchas,1st,'Cocoa Flower Fiesta' Tres Leches Cake,Star Baker,13
118,Rebs,Lemon Conchas,9th,'Mexican Tiramisu' Tres Leches Cake,Eliminated,13
118,Sandro,Filled Concha Buns,3rd,'It's a Fiesta' Tres Leches Cake,Safe,13
118,Syabira,Corn on the Cob Conchas,2nd,Sweetcorn & Cinnamon Tres Leches Cake,Safe,13
119,Abdul,Fig & Date Puddings,2nd,'A Little Galaxy' Mousse Dessert,Safe,13
119,Carole,'My Little Beauties',6th,'Strawberry Fields',Eliminated,13
119,Dawn,'Traditional' Steamed Puddings,7th,'Woodland' Mousse Dessert,Safe,13
119,Janusz,Piña Colada Puddings,1st,‘Cake Within a Cake Surprise',Safe,13
119,Kevin,Clootie Dumplings,5th,'What The Dog Dug',Safe,13
119,Maxy,Sticky Toffee Puddings,3rd,'Sunset Surprise',Safe,13
119,Sandro,Apple & Cherry Crumble Puddings,4th,'It's a Mousse World',Star Baker,13
119,Syabira,Watermelon Steamed Puddings,8th,'Bee Positive',Safe,13
120,Abdul,Bonfire Cake,7th,Witches Lantern,Safe,13
120,Dawn,'Ukrainian Sharlotka',5th,'A Cat in a Fancy Hat' Lantern,Eliminated,13
120,Janusz,'Mum's Apple Cake',2nd,'Halloween Horror Movie Popcorn' Lantern,Safe,13
120,Kevin,'Apple Bobbing',3rd,'Arachna-FOMO' Lantern,Safe,13
120,Maxy,Classic Apple & Walnut Cake,6th,'Spoooooky' Lantern,Safe,13
120,Sandro,Creepy Apple Crumble Cake,4th,'Dead Disco Ball' Lantern,Safe,13
120,Syabira,'Witch Apple',1st,'Itsy Bitsy Spider' Lantern,Star Baker,13
121,Abdul,"Cherry, Orange & Pistachio Floating Islands",4th,Peach & Raspberry Mille-feuille,Safe,13
121,Janusz,'Morning Vanilla Latte' Floating Islands,5th,'Neapolitan' Custard Gateau,Safe,13
121,Kevin,'Everything's Coming Up Roses' Floating Islands,3rd,'My Honey Valentine' Custard Gateau,Eliminated,13
121,Maxy,'Blueberry Lagoon' Floating Islands,2nd,'The Promised Land' Custard Gateau,Safe,13
121,Sandro,"Cherry, Almond & Hazelnut Floating Island",1st,'Tribute to a Friend' Custard Gateau,Safe,13
121,Syabira,Mojito Floating Islands,6th,'Piña Coladas Anyone?' Custard Gateau,Star Baker,13
122,Abdul,Coconut and Berry Vol-au-Vents,3rd,'Adventures of a Pie-rate' Pie Scene,Safe,13
122,Janusz,'Strawberries & Cream' Vol-au-Vents,2nd,'The Very Hungry Sausage Dog' Pie Scene,Safe,13
122,Maxy,'Summertime Fine' Vol-au-Vents,5th,'Spicy Twinkling Stars' Pie Scene,Eliminated,13
122,Sandro,'Key-Lime' Vol-au-Vents,1st,Caterpillar Pie Scene,Safe,13
122,Syabira,'Citrus Dreams' Vol-au-Vents,4th,'Jack and the Beanstalk' Pie Scene,Star Baker,13
123,Abdul,'Pistachio Tiramisu' Mini-Charlottes,2nd,'To the Stars!' Krokan,Star Baker,13
123,Janusz,'Plums in Chocolate' Mini-Charlottes,3rd,'Brighton Pride' Krokan,Eliminated[a],13
123,Sandro,'Caramel Nutty' Mini-Charlottes,4th,'Where it Started to How it's Going' Krokan,Safe,13
123,Syabira,'Peanut & Berries' Mini-Charlottes,1st,'The DNA in You' Krokan,Safe,13
124,Abdul,Summer Picnic,1st,'It's All About The Bees' Edible Sculpture,Runner-up,13
124,Sandro,Summer Picnic,3rd,'The World From Different Angles' Edible Sculpture,Runner-up,13
124,Syabira,Summer Picnic,2nd,'This is My Home' Edible Sculpture,Winner,13
125,Abbi,"Foraged Poppy Seed, Lemon & Blackcurrant Vertical Layer Cake",3rd,'Herbert the Herdwick' Cake,Safe,14
125,Amos,Blood Orange & Dark Chocolate Vertical Layer Cake,2nd,'Orca on a Wave' Cake,Eliminated,14
125,Cristy,'Lemon Meringue' Vertical Layer Cake,6th,'Raspberry Ripple' Duck Cake,Safe,14
125,Dan,Rhubarb & Custard Vertical Layer Cake,1st,'Bruno' Cake,Star Baker,14
125,Dana,'Salted Caramel Latte' Vertical Layer Cake,12th,'My Amazing Gracie' Cake,Safe,14
125,Josh,'Tropical' Vertical Layer Cake,8th,'Mum's Highland Cow' Cake,Safe,14
125,Keith,'Dad's Chocolate Orange' Vertical Layer Cake,4th,'Maisie' Cake,Safe,14
125,Matty,'Tiramisu' Vertical Layer Cake,7th,'Marty the Cocker Spaniel' Cake,Safe,14
125,Nicky,'St. Clements' Vertical Layer Cake,10th,'Always Beavering Around' Cake,Safe,14
125,Rowan,Chocolate & Raspberry Vertical Layer Cake,9th,'Cosmopolitan Lobster' Cake,Safe,14
125,Saku,Chaminda's Favourite Vertical Layer Cake,5th,'Tikiri the Turtle' Cake,Safe,14
125,Tasha,Black Sesame & Yuzu Vertical Layer Cake,11th,Robin Cake,Safe,14
126,Abbi,'Flavours of Tunisia' Marshmallow Biscuits,1st,'Dim Sum Brunch' Illusion Biscuits,Safe,14
126,Cristy,'Nanny June's' Marshmallow Biscuits,9th,'Family Charcuterie Board' Illusion Biscuits,Safe,14
126,Dan,'Waterwheel' Marshmallow Biscuits,2nd,'Cheese & Onion Pie' Illusion Biscuits,Safe,14
126,Dana,'Mallow-Dramatic' Marshmallow Biscuits,7th,'Friday Night Takeaway' Illusion Biscuits,Safe,14
126,Josh,'Black Forest' Marshmallow Biscuits,6th,'JJ's Burger & Fries' Illusion Biscuits,Safe,14
126,Keith,'Letter from America' Marshmallow Biscuits,11th,'Seaside Meal Deal' Illusion Biscuits,Eliminated,14
126,Matty,'Half-Time' Marshmallow Biscuits,5th,'Cheeseboard' Illusion Biscuits,Safe,14
126,Nicky,'Tasty Teatime Treat' Marshmallow Biscuits,4th,'A Home from Home Steak Pie' Illusion Biscuits,Safe,14
126,Rowan,"Lemon, Rosemary & Violet Marshmallow Biscuits",3rd,‘Charcuterie Board’ Illusion Biscuits,Safe,14
126,Saku,Pistachio & Raspberry Marshmallow Biscuits,10th,'Sri Lankan Breakfast Feast' Illusion Biscuits,Safe,14
126,Tasha,'After-School Treat' Marshmallow Biscuits,8th,'Japanese Katsu & Matcha' Illusion Biscuits,Star Baker,14
127,Abbi,'Country Kitchen' Cottage Loaf,8th,'My Favourite Tree' Plaited Centrepiece,Eliminated,14
127,Cristy,"Cranberry, Rosemary & Walnut Cottage Loaf",6th,Honey & Chocolate Plaited Centrepiece,Safe,14
127,Dan,Wild Garlic Cottage Loaf,10th,'Stuffed Crust Pizza' Plaited Centrepiece,Safe,14
127,Dana,'Bread-ley Cooper' Cottage Loaf,3rd,'Tea Beside the Sea' Plaited Centrepiece,Safe,14
127,Josh,'Nduja' Pizza Cottage Loaf,4th,'Tiger Mascot' Plaited Centrepiece,Safe,14
127,Matty,Olive & Tomato Cottage Loaf,7th,'The Hammers' Plaited Centrepiece,Safe,14
127,Nicky,Roast Garlic & Rosemary Cottage Loaf,5th,'Angus the Highland Cow' Plaited Centrepiece,Safe,14
127,Rowan,Olive & Tomato Cottage Loaf,9th,'A Bread Rowan Tree' Plaited Centrepiece,Safe,14
127,Saku,Cinnamon & Orange Cottage Loaf,1st,'Peacock on a Branch' Plaited Centrepiece,Safe,14
127,Tasha,Roast Garlic and Rosemary Malted Cottage Loaf,2nd,'Medusa' Plaited Centrepiece,Star Baker,14
128,Cristy,Cherry & Chocolate Torte,7th,'For Love' Chocolate Box Cake,Safe,14
128,Dan,Chilli and Chocolate Torte,1st,'A Treasure Chest of Delight' Chocolate Box Cake,Safe,14
128,Dana,'I Cherry-ish You' Chocolate Torte,5th,'Once Upon a Time' Chocolate Box Cake,Safe,14
128,Josh,Raspberry & Chocolate Torte,6th,'Chemistry Centenary' Chocolate Box Cake,Safe,14
128,Matty,Hazelnut & Chocolate Torte,2nd,Chocolate Box Cake,Star Baker,14
128,Nicky,'Dreamy' Chocolate Torte,4th,'This is No Ordinary Chocolate Box' Cake,Safe,14
128,Rowan,'Mocha' Chocolate Torte,3rd,'Grandpa's Paints' Chocolate Box Cake,Safe,14
128,Saku,Chocolate & Raspberry Torte,8th,'Time for Cricket' Chocolate Box Cake,Safe,14
128,Tasha,"Ginger, Almond & Dark Chocolate Torte",Did not finish[a],Did not compete[a],Safe,14
129,Cristy,Creamy Mushroom & Leek Picnic Pies,5th,'Autumnal Lattice' Decorative Pies,Star Baker,14
129,Dan,Lamb Keema Picnic Pies,1st,'Journey Around South America' Decorative Pies,Safe,14
129,Dana,'Spud-tacular' Picnic Pies,2nd,'The Apple of my Pie' Decorative Pies,Safe,14
129,Josh,'Post-Match'’ Picnic Pies,8th,'From Flour to Flower' Decorative Pies,Safe,14
129,Matty,'Spanakopità' Picnic Pies,7th,'Ski Trip' Decorative Pies,Safe,14
129,Nicky,Pork & Cheese Picnic Pies,9th,'Gran's Garden Trio' Decorative Pies,Eliminated,14
129,Rowan,Pork & Sweet Potato Picnic Pies,4th,'Lattice Fabulous' Decorative Pies,Eliminated,14
129,Saku,Spicy Tuna Picnic Pies,6th,'Pie Chart' Decorative Pies,Safe,14
129,Tasha,"Sausage, Apple & Cranberry Picnic Pies",3rd,'Sea or Ski?' Decorative Pies,Safe,14
130,Cristy,"Maple, Pecan & Cinnamon Spiced Buns",1st,"Elderflower, Strawberry & Rhubarb Floral Dessert",Safe,14
130,Dan,'Dreaming of Greece' Spiced Buns,3rd,'Sunny Meadows' Floral Dessert,Safe,14
130,Dana,'Bun in a Million' Spiced Buns,6th,'Stop and Smell the Rosé' Floral Dessert,Eliminated,14
130,Josh,Lemon & Blueberry Spiced Buns,2nd,"Rhubarb, Raspberry & Hibiscus Floral Dessert",Star Baker,14
130,Matty,'Rum Drunk' Spiced Buns,4th,Blackberry & Elderflower Floral Dessert,Safe,14
130,Saku,Swedish Cinnamon Spiced Buns,5th,Earl Grey & Hibiscus Floral Dessert,Safe,14
130,Tasha,'Yultide' Spiced Buns,7th,Elderflower & Hibiscus Floral Dessert,Safe,14
131,Cristy,Orange Crème Caramels,4th,'Croquembouche' Meringue Bombe,Safe,14
131,Dan,'Thai Green Curry' Crème Caramels,2nd,'Pale Blue Dot' Meringue Bombe,Star Baker,14
131,Josh,'Nan's Favourite' Crème Caramels,3rd,"'Game, Set and Match' Meringue Bombe",Safe,14
131,Matty,Chai Crème Caramels,6th,'English Italian Summer' Meringue Bombe,Safe,14
131,Saku,'Mini Watalappan' Crème Caramels,5th,'Flowers for my Bee' Meringue Bombe,Eliminated,14
131,Tasha,"Fig, Honey and Rosemary Crème Caramels",1st,Plum and Ginger Meringue Bombe,Safe,14
132,Cristy,Cranberry & Sage Sausage Rolls,2nd,'Marvellous Sweet Factory' Buffet,Eliminated,14
132,Dan,'Dumplings in Disguise' Sausage Rolls,5th,'Prehistoric Party Poopers' Buffet,Safe,14
132,Josh,Turkey & Cranberry ‘Christmas’ Sausage Rolls,4th,'It's Christmas!!!' Buffet,Safe,14
132,Matty,'Classic' Sausage Rolls,3rd,'Sports' Buffet,Star Baker,14
132,Tasha,'Cider in the Park' Sausage Rolls,1st,'Birthdays on the Farm' Buffet,Safe,14
133,Dan,Fancy Financiers,3rd,'Hypersonic' Millefoglie,Safe,14
133,Josh,Perfect Pudding Financiers,1st,"Lemon, Blackberry & Blackcurrant Millefoglie",Star Baker,14
133,Matty,'Pick Me Up' Financiers,2nd,'Taste of Italy' Millefoglie,Safe,14
133,Tasha,'Fancy Fruit & Nut' Financiers,4th,'Mango Mojito' Millefoglie,Eliminated,14
134,Dan,"'He Who Dares, Éclairs!'",2nd,'Lemon Drizzle Memory Lane' Cake,Runner-up,14
134,Josh,Tropical and Mocha Éclairs,1st,'A Slice For All Seasons' Cake,Runner-up,14
134,Matty,Black Forest and Banoffee Éclairs,3rd,'Final Celebration' Cake,Winner,14
