series,episode,baker,signature,technical,showstopper,result
1,1,Annetha,Light Jamaican Black Cake with Strawberries and Cream,2,"Red, White & Blue Chocolate Cake with Cigarellos, Fresh Fruit, and Cream",Safe
1,1,David,Chocolate Orange Cake,3,"Black Forest Floor Gateau with Chocolate Leaves, Fallen Fruit, and Chocolate Mushrooms",Safe
1,1,Edd,Caramel Cinnamon and Banana Cake,1,NA,Safe
1,1,Jasminder,Fresh Mango and Passion Fruit Hummingbird Cake,NA,NA,Safe
1,1,Jonathan,Carrot Cake with Lime and Cream Cheese Icing,9,Three Tiered White and Dark Chocolate with Almond and Cherry,Safe
1,1,Lea,Cranberry and Pistachio Cakewith Orange Flower Water Icing,10,Raspberries and Cream-filled Chocolate Cake with Chocolate-dipped Fresh Fruit,Eliminated
1,1,Louise,Carrot and Orange Cake,NA,Never Fail Chocolate Sponge Cake with Fresh Fruit,Safe
1,1,Mark,Sticky Marmalade Tea Loaf,NA,Heart-shaped Chocolate and Beetroot Cake,Eliminated
1,1,Miranda,Triple Layered Brownie Meringue Cake with Raspberry Cream,8,Three Tiered Chocolate Fudge Cake with Handmade Chocolate Button Decorations,Safe
1,1,Ruth,Lemon Drizzle Cakewith Fresh Cream and freshly made Lemon Curd,NA,Classic Chocolate Sponge wrapped in a Chocolate Collar topped with Handmade White and Dark Chocolate Truffles,Safe
1,2,Annetha,Rose Petal Shortbread,7,Pink Swirl MacaronsEclairs,Eliminated
1,2,David,Cheddar Cheese and Fresh Rosemary Biscuits,8,Choux Pastry SwansPlain Meringues,Safe
1,2,Edd,Oatmeal Raisin Cookies,6,Pink MacaronsPassion Fruit Meringues,Safe
1,2,Jasminder,Millionaires' Shortbread,2,Meringues with Chocolate and Space DustCoffee Flavoured Eclairs,Safe
1,2,Jonathan,Ginger and Honey Cookies,1,Meringues with Whiskey Cream and Chocolate,Safe
1,2,Louise,Stained Glass Window Shortbread,4,"Strawberry, Mint, and Cream Meringue BasketsChocolate EclairsOrange, Yellow and Pink Macarons",Eliminated
1,2,Miranda,Fresh Vanilla Biscuits with Royal Icing,3,Pistachio Macarons,Safe
1,2,Ruth,Peanut Shortbread with Salted Peanut Caramel,5,Almond Macaron with Violet ButtercreamRaspberries and Cream Eclairs,Safe
1,3,David,Chilli Bread,4,Walnut and Seed RollRed Berry and Almond BunTomato and Herb Rolls,Safe
1,3,Edd,Olive Bread with Fennel and Cumin,1,"Tomato, Mozzarella, and Chorizo RollsChelsea BunsHot Cross Buns",Safe
1,3,Jasminder,Focaccia with Sun-Dried Tomato and Rosemary,5,Mango and Sultana BunsPain au Chocolat with Mars BarsTutti Frutti Wheels with Jelly TotsTomato and Cheese Rolls,Safe
1,3,Jonathan,"Anchovy, Sweet Paprika and Oregano Bread",6,"Sticky Lemon Honey BunsOlive and Anchovy RollsSun-Dried Tomato and Fresh Herb RollsStilton, Walnut and Braeburn Apple RollsCinnamon, Cardamom, and Sultana Chelsea Buns with Icing",Eliminated
1,3,Miranda,Walnut and Apricot Bread,3,Lemon Iced BunsChocolate and Orange BunsCranberry Buns with Icing Sugar,Safe
1,3,Ruth,Maple and Pecan Bread,2,Chocolate and Orange PanettoneCranberry Bagels,Safe
1,4,David,Pear and Walnut Pudding,5,Apple and Blackberry CrumbleRhubarb and Orange BettySuet Pear,Eliminated
1,4,Edd,Apple and Plum Pudding with Rum Caramel Sauce,3,Apple and Cinnamon CrumbleNutella Banana Brioche Bread PuddingRhubarb and Strawberry Suet Layer,Safe
1,4,Jasminder,Sticky Toffee Pudding,2,Bread & Butter PuddingTreacle Suet Pudding with Fresh FruitApple and Pineapple Crumble,Safe
1,4,Miranda,Sticky Toffee Pudding with Caramelised Walnuts,1,Queen of PuddingsChocolate Pear Roly PolyStrawberry and Rhubarb Crumble,Safe
1,4,Ruth,Peach and Blueberry Boy Bait,4,Apple & Ginger CrumbleRhubarb Suet PuddingCherry Queen of Puddings,Safe
1,5,Edd,"Chicken, Ham, Leek and Tarragon Pie",2,"Almond Sweet Tart with Ginger and Chocolate
Yorkshire Curd TartChickpea and SalamiRed and Yellow PepperAsparagus Gruyere Quiche",Safe
1,5,Jasminder,Chicken and Mushroom Pie,4,"Jaggery, Carrot, and Spiced Condensed Milk TartFruit and Custard TartThai Chili and Red OnionDuck in Plum SauceSalmon and Prawn Canapés",Eliminated
1,5,Miranda,"Summery Salmon, Cod and Prawn Fish Pie",1,Chocolate Pastry filled with Orange Cheesecake Chocolate Pastry filled with Milk Chocolate Ganache Strawberry Tart with Red Currant Glaze Cheesy CrabBroad Bean and Tomato Pastry HeartsPancetta and Leek Risotto Canapés,Safe
1,5,Ruth,Minced Beef Pie,3,Raspberry and Dark Chocolate TartCreme Patisserie and Cherry Tart Citrus Curd Tart with Creme Brulee TopRoasted Tomato CanapésAsparagus Pastry Twirls,Safe
1,6,Edd,Cinnamon and Banana Cakes,NA,Chocolate and Ginger TartsLemon Scones with Passion Fruit CurdRaspberry Choux BunsFinger Sandwiches,Winner
1,6,Miranda,Lemon Cupcakes,NA,—,Eliminated at signature
1,6,Ruth,"Mint, Ginger and Blackberry Cakes",NA,Red Pepper and Cheese Quiche TartsSultana SconesVanilla and Lemon Choux BunsFinger Sandwiches,Runner-up
2,1,Ben,Rhubarb and Custard CupcakesAfter Dinner Cupcakes,2,Vanilla Sponge with White Chocolate and Raspberry Buttercream,Safe
2,1,Holly,Cherry Bakewell Inspired CupcakesGinger Cupcakes with Fig Truffle,1,Novelty Farm Cake,Star Baker
2,1,Ian,Apple and Cinnamon Cupcakes,10,NA,Safe
2,1,Janet,Raspberry and Cream Cupcakes,8,Chocolate Marble Cake with Dark and White Chocolate Truffles,Safe
2,1,Jason,Lemon Meringue CupcakesApple and Cinnamon Cupcakes,6,NA,Safe
2,1,Joanne,Chocolate Orange CupcakesOrange and Cardamom Cupcakes,11,Chocolate and Strawberry Cake,Safe
2,1,Keith,Earl Grey Cupcakes,12,Chocolate and Sour Cream Cake,Eliminated
2,1,Mary-Anne,Banoffee Cupcakes,4,Chocolate and Raspberry Opera Cake,Safe
2,1,Robert,Blackberry and Vanilla Cupcakes with Liquorice Frosting,3,Genoise Layered Mousse Cake with Chocolate Ganache,Safe
2,1,Simon,Guinness and Chocolate Cupcakes,9,Two-Tiered Chocolate Courgette Cake,Safe
2,1,Urvashi,Cherry Blossom CupcakesJapanese Lime Cupcakes,7,Orange Blossom Celebration Cake,Safe
2,1,Yasmin,Cardamom and Pomegranate CupcakesLemon Meringue Cupcakes,5,Three Tier Passion Cake,Safe
2,2,Ben,"Chorizo, Pepper and Gruyere Quiche",1,Lemon Meringue Tarts,Safe
2,2,Holly,Pesto Quiche,4,Milk Chocolate and Pistachio TartsTrifle Tarts,Safe
2,2,Ian,"Stilton, Spinach and New Potato Quichewith Paprika and Walnut Pastry",2,NA,Safe
2,2,Janet,Quiche Printanière,8,Red Fruit TartsChocolate and Cherry Tarts,Safe
2,2,Jason,Salmon and Pak Choi Quiche,3,Mint Chocolate TartsBlueberry Bakewell Tarts,Star Baker
2,2,Joanne,"Caramelised Onion, Gruyere and Thyme Quiche",10,Raspberry and Mascarpone Tarts with Lemon and Almond PastryHoney and Almond Tarts with Sweetcrust,Safe
2,2,Mary-Anne,"Roasted Cauliflower, Cheese andCaramelised Onion Quiche",9,Butterscotch Brulée Tarts in Pecan PastryApple Rose Tarts,Safe
2,2,Robert,Smoked Bacon and Kale Quiche,5,"Chocolate, Fennel and Ginger TartAlmond, Creme Patisserie and Poached Pear Tart",Safe
2,2,Simon,Smoked Haddock and Watercress Quiche,11,"Passion Fruit and Ricotta TartsSalted Chocolate, Stem Ginger and Mascarpone Cream Tarts",Eliminated
2,2,Urvashi,"Crab, Coriander and Coconut Quiche",7,Strawberry and Basil TartsElderflower and Honeycomb Tarts,Safe
2,2,Yasmin,Smoked Haddock and Watercress Quiche,6,Chocolate and Orange Tarts with Cinnamon-Orange PastryBlueberry and Hazelnut Tarts with Hazelnut Pastry,Safe
2,3,Ben,"Walnut, Raisin and Rosemary Loaf",3,NA,Safe
2,3,Holly,Picnic Loaf,6,Stilton and Walnut Rolls,Safe
2,3,Ian,"Courgette, Caerphilly Cheese and Thyme Loaf",10,Walnut and Raisin RollsCracked Wheat Logs,Eliminated
2,3,Janet,Zupfe Loaf with Gruyère Cheese,8,"Apple and Walnut Granary Rolls
Red Onion Cottage Rolls",Safe
2,3,Jason,Cheese and Onion Tear and Share Loaf,7,NA,Safe
2,3,Joanne,"Stromboli Flavoured with Mozarella, Ham, and Picante Peppers",1,Spiced Orange RollsPumpkin Seed Rolls,Safe
2,3,Mary-Anne,Ploughman's Loaf,5,Herb and Walnut BreadsChocolate and Chilli Buns,Safe
2,3,Robert,Rye and Coriander Seed Loaf,4,Blueberry Brioche RollsLemon and Poppy Seed Rolls,Safe
2,3,Urvashi,Salt and Peppercorn Loaf,9,Chilli and Halloumi RollsLemon and Coriander Mini Loaves,Eliminated
2,3,Yasmin,Egyptian Dukkah Loaf with Mixed Spices,2,Pesto BreadSweet Coconut Rolls,Star Baker
2,4,Ben,Stem Ginger Nuts,5,Chocolate and Almond MacaronsPine Nut MacaronsPistachio Macarons,Eliminated
2,4,Holly,Strawberry and Custard Melts,3,"'Chocolate bars of my youth'(Caramel Macarons, Mint Chocolate Macarons and Chocolate Orange Macarons)",Star Baker
2,4,Janet,Christmas Marzipan Biscuits,4,Raspberry MacaronsBlackcurrant MacaronsAlmond Macarons,Safe
2,4,Jason,Lebkuchen,1,"Mocktail Macarons(Mojito, Cranberry Cooler, and Piña Colada)",Star Baker
2,4,Joanne,Lavender Biscuits,8,Blueberry MacaronsCoconut MacaronsStrawberry Macarons,Safe
2,4,Mary-Anne,Melting Moments,2,Blackcurrant and Mint MacaronsGooseberry and Elderflower MacaronsHazelnut Macarons,Safe
2,4,Robert,Chocolate and Ginger Oat Biscuits,7,Strawberry and Lime MacaronsLemon MacaronsChocolate and Cardamom Macarons,Safe
2,4,Yasmin,Chocolate Chip and Pistachio Biscotti,6,Chocolate and Lime MacaronsCoffee and Walnut MacaronsPineapple and Coconut Macarons,Safe
2,5,Holly,"Stilton, Potato and Caramelised Onion Pie",4,Lime Meringue Pie,Safe
2,5,Janet,Chicken and Chestnut Pie,1,Rhubarb Meringue Pie,Star Baker
2,5,Jason,Brown Down Chicken Pie,7,Plum Meringue Pie,Eliminated
2,5,Joanne,Salmon and Asparagus Pie,6,Apple and Raspberry Meringue Pie,Safe
2,5,Mary-Anne,Chicken and Bacon Pie,2,Midnight Meringue Pie,Safe
2,5,Robert,Chicken and Mushroom Pie,3,Rhubarb & Custard Meringue Pie,Eliminated
2,5,Yasmin,Family Fish Pie,5,Peach and Raspberry Meringue Pie,Safe
2,6,Holly,Father Christmas' Baked Cheesecake,3,Hansel and Gretel's Croquembouche,Safe
2,6,Janet,Rhubarb and Ginger Baked Cheesecake,5,Orange and Nougatine Croquembouche,Safe
2,6,Joanne,Rum and Raisin Baked Cheesecake,1,Limoncello and White Chocolate Croquembouche,Star Baker
2,6,Mary-Anne,Tutti Frutti Curd Baked Cheesecake,4,Orange and Praline Croquembouche with Cardamom Caramel,Safe
2,6,Yasmin,Baked Amaretto Cheesecake,2,Rose Croquembouche,Eliminated
2,7,Holly,"White Chocolate, Hazelnut and Raspberry Génoise Mousse Cake",1,"Apricot, Macadamia and White Chocolate PinwheelsAlmond CroissantsApple, Raisin and Cinnamon Plaits",Safe
2,7,Janet,Chocolate Amaretto Mousse Cake,4,Pain Aux RaisinPlain CroissantPain Au Chocolat,Eliminated
2,7,Joanne,Raspberry & Strawberry Mousse Cake,3,Pain Aux RaisinChocolate TwistsBanana and Raisin Pastries,Safe
2,7,Mary-Anne,Chocolate and Orange Mousse Cake,2,Raspberry Rose DanishesPraline SpiralsAlsatian Plaited Danishes,Safe
2,8,Holly,Banoffee Inspired Mille Feuille,2,Strawberry and Cream Meringue NestGooseberry and Elderflower 'Bakewell' TartsNeapolitan Ice-Cream Sandwich,Runner-up
2,8,Joanne,Raspberry and Blueberry Mille Feuille,1,"Mini Victoria SandwichesRaspberry, White Chocolate and Pistachio Mini MeringuesMini Banoffee Pie with Banana Mousse",Winner
2,8,Mary-Anne,Lemon and Ginger Mille Feuille,3,Fruit Tarts with Elderflower CustardStrawberry and Rhubarb CheesecakesBlack Fruit Meringue with Everlasting Syllabub,Runner-up
3,1,Brendan,"Plum, sour cherry & walnut upside down cake",10,St. Patrick's Day cake with hidden Irish Flag*[12],Safe
3,1,Cathryn,"Apple, hazelnut and calvados upside down cake",5,Hidden cupcake cake,Safe
3,1,Danny,"Plum, ginger & orange upside down cake",7,Nectar cake with hidden beehive*[13],Safe
3,1,James,"Parsnip, pear, and pecan upside down cake",2,"""Simmer dim"" sunset cake",Safe
3,1,John,"Toffee apple, orange & cranberry upside down cake",11,Hidden pink hearts cake,Safe
3,1,Manisha,"Vanilla, peach and raspberry upside down cake",6,White chocolate cake with a red velvet and white chocolate mousse heart,Safe
3,1,Natasha,Pineapple & passion fruit upside down cake,12,Mother's Day layered rose cake,Eliminated
3,1,Peter,"Pear, muscat & chocolate upside down cake",3,Jubilee cake,Safe
3,1,Ryan,Kumquat and orange polenta upside down cake,8,Hidden flowerbed mousse cake,Safe
3,1,Sarah-Jane,"Pear, chocolate and hazelnut upside down cake",1,Hidden crown cake,Safe
3,1,Stuart,Tomato and ginger upside down cake,9,Lemon and pistachio Union Flag cake,Safe
3,1,Victoria,Pear and pecan upside down cake,4,Blackbird pie cake,Star Baker
3,2,Brendan,Middle Eastern Taboon BreadIndian Roti,4,Chocolate and Vanilla BagelsCumin and Gruyere Bagels,Safe
3,2,Cathryn,"Spiced Mango NaanLime, Coriander and Chilli Tortillas",8,"Cranberry and Orange BagelsChipotle, Chilli, and Smoked Cheddar Bagels",Safe
3,2,Danny,Lime Coriander and Coconut TortillasZaatar Naan with Dukkah,3,NA,Safe
3,2,James,"Tomato, Garlic, and Parmesan FlatbreadsTattie Scones",2,"Orange, Mint and Chocolate Bagels'Millers' Sourdough Bagels",Safe
3,2,John,"Coriander and Chilli RotisGarlic, Pomegranate and Potato Pitas",1,"Fig, Walnut and Gruyere BagelsBlueberry and White Chocolate Bagels",Star Baker
3,2,Manisha,Indian FlatbreadsItalian Flatbreads,6,Chocolate Orange Bagels,Safe
3,2,Peter,Fennel and Nigella seed NaanBannock Bread,11,Rosemary and Sea Salt BagelsApple and Cinnamon Bagels,Eliminated
3,2,Ryan,Shanghai Spring Onion FlatbreadsGarlic and Coriander Naan,5,Cinnamon and Date BagelsTarragon and Rosemary Bagels,Safe
3,2,Sarah-Jane,Toasted Coconut and Lime RotiOatcakes,10,NA,Safe
3,2,Stuart,Bombay BreadChorizo and Spring Onion Naan,9,Cinnamon and Cranberry BagelsTomato and Thyme Bagels,Safe
3,2,Victoria,Coriander and Lemon NaanGarlic and Parsnip Chapatis,7,Saffron and Golden Raisin BagelsPorcini Bagels,Safe
3,3,Brendan,Apple and Ginger Tarte Tatin,9,"Blackberry, Nectarine and Dragon Fruit Tart",Safe
3,3,Cathryn,"Plum, Cherry and Five Spice Tarte Tatin",3,"Raspberry, Pistachio and Lemon Tart",Safe
3,3,Danny,Savoury Pear and Roquefort Tarte Tatin,2,"Pineapple, Coconut and Frangipane Tart",Safe
3,3,James,Apple and Lavender Tarte Tatin,1,"Rose, Lychee and Raspberry Fruit Tart",Star Baker
3,3,John,Apple and Vanilla Tarte Tatin with Walnut Praline,6,"Berries, Grapes, Pomegranate, and Dragon Fruit Tart",Safe
3,3,Manisha,"Cinnamon, Apple and Pear Tarte Tatin",10,Rum and Tropical Fruit Tart,Safe
3,3,Ryan,Spiced Pear Tarte Tatin,5,NA,Safe
3,3,Sarah-Jane,Caramelised Banana Tarte Tatin,8,French Apple Tart with Blackberry and Cassis Jam,Safe
3,3,Stuart,Pear and Almond Tarte Tatin,7,Raspberry Triple Chocolate Layered Tart,Safe
3,3,Victoria,"Fig, Walnut and Pink Peppercorn Tarte Tatin",4,Tropical Fruit Tart with Black Pepper Crust,Eliminated
3,4,Brendan,Clementine and Chestnut Torte,1,"Pear, Chocolate and Hazelnut Dacquoise",Star Baker
3,4,Cathryn,"White Chocolate, Macadamia and Coffee Torte",3,"Gooseberry, Almond and Honey Meringue",Safe
3,4,Danny,"Blackberry, White Chocolate, Lemon and Elderflower Torte",2,"'Monte Bianco' Chestnut, Chocolate and Coffee Dacquoise",Safe
3,4,James,"Hazelnut, Chocolate and Passionfruit Torte",5,"Fig, Chestnut, Cherry and Chocolate Layered Meringue",Safe
3,4,John,'Torte Noir' Black Forest Torte with Boozy Cream,6,Elderflower and Bramble Berry Pavlova,Safe
3,4,Manisha,"Almond, Chocolate and Cherry Torte",9,Tiramisu Layered Meringue Dessert,Safe
3,4,Ryan,Green Tea Opera Torte,7,"Strawberry, Rose and Pistachio Meringue",Safe
3,4,Sarah-Jane,Chocolate and Almond Truffle Torte,4,Hazelnut Tiramisu Layered Meringue,Safe
3,4,Stuart,Black Forest Torte,8,Choca Blocka Mocha Meringue,Eliminated
3,5,Brendan,Salmon Coulibiac in a Scandinavian Pastry,3,All American Chiffon Pie,Safe
3,5,Cathryn,Full English Wellington,1,Chocolate and Peanut Butter Pumpkin Pie,Safe
3,5,Danny,"Chickpea, Spinach & Mushroom Wellington",7,Trick or Treat Pumpkin Pie,Safe
3,5,James,Four Pig Wellington,6,Sweet Potato Pie,Safe
3,5,John,Venison and Haggis Wellington,2,Star Spangled Pecan Pie,Safe
3,5,Manisha,Lamb Wellington with Rosemary and Mint,5,Banana Scotch Pie,Eliminated
3,5,Ryan,Curry Spiced Seabass Wellington,8,Key Lime Pie,Star Baker
3,5,Sarah-Jane,Beef Wellington with Parma Ham and Gorgonzola Cheese,4,Chocolate and Banana Cream Pie,Safe
3,6,Brendan,"Rhubarb, Strawberry and Ginger PuddingsSticky Toffee Puddings",1,"Spinach, Cheese and Walnut Strudel",Star Baker
3,6,Cathryn,Chocolate Walnut Whip PuddingsElderflower Sponges,3,Roasted Vegetable Couscous and Sheep Cheese Strudel,Safe
3,6,Danny,Banoffee Puddings with Walnut Butterscotch SauceJubilee Chocolate Fondants,2,"Leek, Potato, Pistachio and Gruyère Strudel",Safe
3,6,James,Banana and Clove PuddingsClootie dumplings,7,"Strawberry, Rhubarb and Ginger Strudel",Safe
3,6,John,Spicy Toffee PuddingsRaspberry and White Chocolate Puddings,5,Did not complete due to injury,Safe[a]
3,6,Ryan,Chocolate FondantsSticky Ginger and Date Puddings,6,"Apple, Sour Cherry, Raisin and Mixed Nuts Strudel",Safe
3,6,Sarah-Jane,Sticky Toffee PuddingsGranny's Saucy Lemon Puddings,4,Sweet Strudel with Sour Cherries,Safe
3,7,Brendan,Chelsea Bunskis,4,Black Forest Christmas Stollen,Safe
3,7,Cathryn,Lady Arundel's Manchet Buns,5,Bonfire Night Tear 'N' Share Brioche,Safe
3,7,Danny,Bakewell Chelsea Buns,2,European Christmas Wreath,Star Baker
3,7,James,Easter Chelsea Buns,1,Whisky Kugelhopf-Brioche Baba,Safe
3,7,John,Cherry and Almond Saffron Buns,3,Marzipan Stollen,Safe
3,7,Ryan,Lardy Cakes,6,Char Siu Bao,Eliminated
3,7,Sarah-Jane,"Orange, Nutmeg and Saffron Buns",7,Sour Cherry and Dark Chocolate Christmas Plait,Eliminated
3,8,Brendan,Multi-Seed Savoury Crackers,2,Fantasy Gingerbread Bird House,Safe
3,8,Cathryn,Cheese and Pickle Crackers,5,Gingerbread Buckingham Palace,Eliminated
3,8,Danny,Spiced Almond Drinks Crackers,4,Gingerbread Big Ben,Safe
3,8,James,"Smoky Cayenne, Cumin and Chilli Crackers",1,Gingerbread Barn,Star Baker
3,8,John,Asian Spice Crackers,3,Gingerbread Roman Coliseum,Safe
3,9,Brendan,Coffee Meringue and Hazelnut CreamsApricot and Pistachio FriandsLime Curd Choux Pastry Cygnets,3,Gateau St. Honoré,Safe
3,9,Danny,Blackberry and Peppermint MacaronsMiniature Raspberry and Basil FinanciersOrange and White Chocolate Langues de Chat,4,Rosewater and Lychee Gateau St. Honoré,Eliminated
3,9,James,"Lemon and Rhubarb TartletsChocolate Indulgence Petits FoursChilli, Lime and Raspberry Macarons",1,"Coffee, Caramel and Hazelnut Paris–Brest",Star Baker
3,9,John,Lemon MadeleinesWhite Chocolate and Raspberry TartletsDark Chocolate and Cherry Macarons,2,Gateau St. Honoré a la Passion,Safe
3,10,Brendan,Potato and Pepper Pithivier,2,Family Reunion Chiffon Cake,Runner-up
3,10,James,Spanish Pithivier with Chorizo and Red Pepper,1,United Chiffon Cakes,Runner-up
3,10,John,Italian Sausage and Roasted Vegetable Pithivier,2,Heaven and Hell Chiffon Cake,Winner
4,1,Ali,Rose and Pistachio Cake,11,"Chocolate, Raspberry and Passion Fruit Engagement Cake",Safe
4,1,Beca,Grapefruit Sandwich Cake,8,Chocolate Cherry Indulgence,Safe
4,1,Christine,"Strawberry, Vanilla and Rosewater Summer Basket",3,Chocolate and Orange 'Fripperous' Hat Cake,Safe
4,1,Deborah,Pineapple Cake,9,'Coffee Time',Safe
4,1,Frances,Giant Jam Sandwich,7,Secret Squirrel Cake,Safe
4,1,Glenn,Strawberries and Cream Cake,4,Almond and Espresso Chocolate Cake,Safe
4,1,Howard,Passion Fruit and Coconut Cake,6,Black Forest Revisited,Safe
4,1,Kimberley,Blood Orange Cake,10,"Chocolate, Raspberry & Basil Layer Cake",Safe
4,1,Lucy,Timperley Early Cake,2,Thyme 'Wildwood' Cake,Safe
4,1,Mark,Lemon and Poppy Seed Cake,5,Chocolate Monster,Safe
4,1,Robert,Pecan and Apple Cake,1,Raspberry Chocolate Cake,Star Baker
4,1,Ruby,Rhubarb and Custard Sandwich Cake,12,Chocolate and Ginger Night Sky Cake,Safe
4,1,Toby,Spiced and Iced Carrot Cake,13,Two Tiered Chocolate Cake,Eliminated
4,2,Ali,Italian Grissini,9,Sweet and Savoury Yin Yang Bread,Safe
4,2,Beca,Fennel and Chilli Breadsticks,11,Five Strand Christmas Wreath,Safe
4,2,Christine,Mediterranean Breadsticks with Oregano,4,Double Plaited Loaf,Safe
4,2,Deborah,Fennel & Chilli Breadsticks,8,Walnut Fleur Loaf,Safe
4,2,Frances,Giant Matchsticks,2,Sailor's Knot,Safe
4,2,Glenn,Rosemary and Parmesan Grissini,7,Harvest Crown,Safe
4,2,Howard,Moroccan Breadsticks,10,Picasso Sun Bread,Safe
4,2,Kimberley,Nigella Seed and Parmesan Breadsticks,1,Peace Bread,Safe
4,2,Lucy,Grissini with Salt,12,Roasted Tomato Bread,Eliminated
4,2,Mark,Rosemary & Raisin Breadsticks,6,Sage & Garlic Plait,Safe
4,2,Robert,Twisty Rye Bread Sticks,5,Tribute Loaf,Safe
4,2,Ruby,Mexican Breadsticks,3,White Chocolate and Orange Peacock Bread,Star Baker
4,3,Ali,"Coconut, Raspberry and Lemon Meringue Trifle",5,Vanilla Latte Mini CakesLime & Mint Shortbread Pops,Safe
4,3,Beca,Orange and Ginger Trifle,10,Limoncello and Blueberry BurstsMillionaires' Shortbread,Safe
4,3,Christine,Caribbean Pina Colada Trifle,4,Ninety-NinersSachertorte Parcels,Star Baker
4,3,Deborah,Tropical TrifleA,9,Canelé Cherry and Chocolate CakesRose Cookies,Eliminated
4,3,Frances,Apple and Blackberry Crumble Trifle,8,'Ballet Bites' Ginger NutcrackersSugar Plum Fairy Cakes,Safe
4,3,Glenn,Raspberry and Almond Trifle,1,Billionaire BouchéesOrange Financiers,Safe
4,3,Howard,Caramel and Apple TrifleA,7,Black Coffee and Cardamom CakesWhite Stilton and Pear Biscuits,Safe
4,3,Kimberley,"Peach, Almond and Ginger Trifle",6,Chocolate Pistachio FinanciersLemon Bergamot Biscuits,Safe
4,3,Mark,"Ginger, Mango and Passion Fruit Trifle",11,Rose and Pistachio MacaronsChocolate and Raspberry Bites,Eliminated
4,3,Robert,Rhubarb and Orange Trifle,2,Almond FriandsTurón Macarons,Safe
4,3,Ruby,Desert Island Trifle,3,Lemon Shortbread and White Chocolate SeashellsBlackberry and Chocolate Layer Cakes,Safe
4,4,Ali,Apple and Ginger Pie with a Pecan and Walnut Shortcrust Pastry,8,"Orange, Cardamom and Date M'Hanncha",Eliminated
4,4,Beca,Mamgu's Cherry-Apple Tart,2,Moroccan Vegetable Filo Feast,Safe
4,4,Christine,"Granny Rogers' Apple, Plum & Cinnamon Country Pie",7,Roasted Vegetable Filo Pie with Feta Cheese,Safe
4,4,Frances,Peach Pie In the Sky,1,Cherry Tree Baklava Filo Pie,Safe
4,4,Glenn,Apple & Maple Syrup Pie,9,Spanakopita,Safe
4,4,Howard,Apple Pie with Sage Pastry,5,Fresh Fig and Feta Filo Flan,Safe
4,4,Kimberley,Pecan and Rosemary Caramel Apple Pie,4,"Chicken, Bacon and Butternut Squash Pie",Star Baker
4,4,Robert,Apple and Pear Pie with Thyme,3,Spanakopita with St George's Mushrooms,Safe
4,4,Ruby,Apple and Marzipan Pie,6,"Rose, Almond and Raspberry Filo Pie",Safe
4,5,Beca,"Chocolate, Cherry and Hazelnut Brownies",5,Tiered Macaron and Sugar Dough Biscuit Centrepiece,Safe
4,5,Christine,Mixed Berry and Almond Crumble Traybake,1,Shortbread Bavarian Clock Tower,Star Baker
4,5,Frances,Millionaire Banoffee Bonus,3,Biscuit Buttons and Beads[a],Safe
4,5,Glenn,Apricot and Pistachio Tiffin,2,Shortbread and Macaron Helter-Skelter,Safe
4,5,Howard,Breakfast Traybake,8,Japanese Pagoda Tea Tower,Safe
4,5,Kimberley,Cherry and Almond Bakewell Florentine Slice,7,Black and White Viennese Biscuit Stack,Safe
4,5,Robert,Blueberry & Orange Traybake,4,Orange and Lemon Biscuit Dalek,Eliminated
4,5,Ruby,Blackberry and Lemon Bakewell Slice,6,'Dropped Ice Cream' Biscuit Centrepiece,Safe
4,6,Beca,Bara Brith,6,Chocolate and Rum-Soaked Prune BriochesCardamom Spiced Lemon Iced Buns,Safe
4,6,Christine,Oxford Nutty Fruit Loaf,4,Schnecken BunsVanilla Custard Skolebrød,Safe
4,6,Frances,Chai Tea Loaf,2,Hot Cross BriochesRhubarb and Custard Kolaches,Safe
4,6,Glenn,Devonshire Panettone,5,Almond and Apricot BriochesSticky Caramel Kanelbullen,Safe
4,6,Howard,Date & Hemp Yorkshire Loaf,7,Peachy BunsGerman Baumschnecken,Eliminated
4,6,Kimberley,Chai Spiced Ginger and Date Tea Loaf,3,Double Chocolate and Hazelnut BriochesDanish Kanelsnurrer,Safe
4,6,Ruby,Citrus Tea Loaf,1,Twisted Swedish KanelbullarSaffron St. Lucia Buns,Star Baker
4,7,Beca,Spring Lamb and Vegetable Suet Pudding with Redcurrant Gravy,1,Nectarine and Frangipane SquaresChocolate and Hazelnut Vol-au-ventsStrawberries and Cream Mille-feuille,Safe
4,7,Christine,Spotted Dick 'With a Kick' and Vanilla Custard Ice Cream,6,Eccles CakesFresh Fruit BasketsLemon Cream Eton Mess Mille-feuille,Safe
4,7,Frances,Figgy Roll-y Poly Pudding with Caramelised Walnut and Honey Ice-Cream,5,French Framboise Cream HornsSheet Music Mille-feuilleBass Clef Palmiers,Star Baker
4,7,Glenn,Prune and Armagnac Pudding with Boozy Butterscotch Sauce,3,Caramelised Apple and Marzipan TartletsChocolate Elephant EarsPassion Fruit Mille-feuille,Eliminated
4,7,Kimberley,Barberry and Apple Spotted Dick with Maple Syrup and White Chocolate Custard,4,"Pear, Malt and Butterscotch Mille-feuilleBlackberry and Lemon Verbena Crème Brûlee Custard TartsFig, Orange and Thyme Galette",Safe
4,7,Ruby,Plum Jam Roly Poly with Ginger Ice Cream,2,Raspberry and Passion Fruit Mille-feuilleCaramelised Apple LatticePortuguese Custard Tarts,Safe
4,8,Beca,"Potato, Spelt and Rosemary Focaccia",4,Spiced Butternut Squash and Pecan 'Cheese' Cake,Safe
4,8,Christine,"Multi-Seeded Loaf with Pumpkin, Sesame and Sunflower Seeds",5,Sweet Potato Guitar with Passion Fruit Icing and Marshmallow Fondant,Eliminated
4,8,Frances,'Chelsea Flour Show' Bun Bouquet,3,Hidden Carrot Cake,Safe
4,8,Kimberley,Wild Garlic Pesto and Parma Ham Spelt Loaf,2,Butternut Squash and Spice Cake Toadstool House,Safe
4,8,Ruby,Mango and Nigella Seed Spelt Cob,1,Carrot Cake and Pistachio Garden Plot,Star Baker
4,9,Beca,Stilton and Walnut MacaronsBeetroot and Salmon Choux PuffsWelsh Rarebit Tartlets,3,Banoffee Opera Cake,Eliminated
4,9,Frances,"Légume CanapésChantenay Carrots, Choux Pastry Tomatoes, and Cauliflower Cheese Scones",2,Great British Soap Opera Cake,Safe
4,9,Kimberley,Pea Purée TartsCrab and Wasabi ProfiterolesSteamed Buns with Barbecue Chicken,1,Passion Fruit and Lime Opera Cake,Star Baker
4,9,Ruby,"Beetroot Jelly on Poppy Seed BiscuitsSpinach, Parmesan and Egg TartletsChoux Buns with Goat's Cheese and Caramelised Onions",4,"Chocolate, Almond Praline and Saffron Opera Cake",Safe
4,10,Frances,Rainbow Picnic Pie,3,Midsummer Night's Dream Wedding Cake,Winner
4,10,Kimberley,Chicken and Pig Pie,1,Languages of Love Wedding Cake,Runner-up
4,10,Ruby,Picnic Basket Pie,2,"Raspberry, Lemon and Passion Fruit Wedding Cake",Runner-up
5,1,Chetna,"Cardamom, Pistachio and Coffee Swiss Roll",3,Tiered Victoria Sponges with Lemon Curd and Raspberry Cream,Safe
5,1,Claire,Chocolatey Orangey Swiss Roll,8,Mini Chocolate and Cherry Cakes,Eliminated
5,1,Diana,Mum's Sunday Tea Lemon Curd Swiss Roll,5,Chocolate Ganache Surprises,Safe
5,1,Enwezor,Raspberry and Lemon Swiss Roll,9,Coffee and Walnut Battenberg Squares,Safe
5,1,Iain,Apricot and Basil Swiss Roll with Mascarpone and White Chocolate Cream,4,"Lemon Drizzle Cakes with Mascarpone Filling, Drizzled Icing and Candied Lemon",Safe
5,1,Jordan,Kawaii Frasier Swiss Roll,12,Lemon Drizzle Cakes with Blueberry and Lemon Curd,Safe
5,1,Kate,Red Velvet and White Chocolate Swiss Roll,6,Mini Tiered Victoria Sponges,Safe
5,1,Luis,Spanish Swiss Roll,7,Raspberry and Lemon Genoise Slices with Lemon Drizzles,Safe
5,1,Martha,Tiramisu Swiss Roll,2,Mini Lemon and Thyme Drizzle Cakes,Safe
5,1,Nancy,Coffee and Hazelnut Swiss Roll,1,Jaffa Orange Cakes,Star Baker
5,1,Norman,Black Forest Swiss Roll,11,Almond and Raspberry Mini Cakes,Safe
5,1,Richard,Pistachio and Strawberry Swiss Roll,10,Miniature Coffee and Walnut Cakes,Safe
5,2,Chetna,Fenugreek and Carom Crackers,8,Day On The Beach,Safe
5,2,Diana,Parmesan Triangles,7,"Express, First Class",Safe
5,2,Enwezor,Pumpkin and Sunflower Seed Savoury Biscuits,9,Space Adventure Moon Scene,Eliminated
5,2,Iain,Za'atar and Fig Biscuits,11,Wild West Scene,Safe
5,2,Jordan,"Sourdough, Parmesan and Chilli Biscuits",6,Monster Attack,Safe
5,2,Kate,Parmesan and Apple Biscuits,4,Tea Time,Safe
5,2,Luis,Black Olive and Rosemary Biscuits with Caramelised Onion Glaze,3,George Versus The Dragon,Safe
5,2,Martha,Caramelised Onion and Goat's Cheese Sandwich Biscuits,5,Ski Village Scene,Safe
5,2,Nancy,Fennel and Rye Thins,2,Hansel and Gretel Scene,Safe
5,2,Norman,Farthing Biscuits,10,Zulu Boats at Dawn,Safe
5,2,Richard,Rosemary Seeded Crackers,1,Pirates!,Star Baker
5,3,Chetna,Onion and Pine Nut Rolls,8,Rolled and Filled Twin Loaf,Safe
5,3,Diana,Rustic Picnic Rolls,7,Sharing Savoury Pinwheel,Safe
5,3,Iain,Cranberry and Walnut Rye Bread Rolls,9,Moroccan Plaited with a Bessara Dip,Safe
5,3,Jordan,Rye and Spelt Bread Rolls,10,Strawberry Raspberry Cheesecake Brioche,Eliminated
5,3,Kate,Orange and Cardamom Rye Bread Knots,1,"Prosciutto, Olive & Coriander Bread",Safe
5,3,Luis,Opposites Attract Rolls,2,Roscón de Reyes,Star Baker
5,3,Martha,Date and Walnut Rye Rolls,3,Stuffed Sunflower Loaf,Safe
5,3,Nancy,Cider and Walnut Crusty Rolls,5,'Full English' Stromboli,Safe
5,3,Norman,Rye Bread Rolls,4,Chicken and Roasted Vegetable Picnic Loaf,Safe
5,3,Richard,Rye and Cranberry Rolls,6,Pesto Pinwheel,Safe
5,4,Chetna,"Rhubarb, Strawberry and Orange Puddings",3,"Mango, Raspberry and Coconut Baked Alaska",Safe
5,4,Diana,Orange and Lemon Curd Pots,9,Raspberry Ripple Alaska Swan,Safe
5,4,Iain,"Chocolate, Lime and Raspberry Fondants",6,"Chocolate, Black Sesame Seed and Coffee Caramel Baked Alaska (not presented)",Eliminated
5,4,Kate,Chocolate and Salted Caramel Molten Puddings,7,"Pistachio, Raspberry and Chocolate Baked Alaska",Safe
5,4,Luis,Pears in Puddings,2,Bakewell Alaska,Safe
5,4,Martha,Peanut Butter Chocolate Fondants,1,Key Lime Baked Alaska,Safe
5,4,Nancy,Pistachio Puddings with Chocolate Sauce,4,Summer Pudding Alaska,Safe
5,4,Norman,Mini Sticky Toffee Puddings,8,Baked Alaska with Strawberry Surprise,Safe
5,4,Richard,Black Forest Chocolate Fondants,5,Tiramisu Baked Alaska,Star Baker
5,5,Chetna,Rice Custard Tart with Mangoes and Raspberries,2,Fusion Tiered Pies,Safe
5,5,Diana,Withdrew[a],NA,Withdrew[a],Withdrew[a]
5,5,Kate,Rhubarb and Custard Tart,3,"Rhubarb, Prune and Apple Pies",Star Baker
5,5,Luis,Tropical Manchester Tart,6,Four Fruity Seasons Tower,Safe
5,5,Martha,"Pistachio, Apricot and Honey Custard Tart",1,Three Little Pigs Pie,Safe
5,5,Nancy,Chocolate Crusted Passion Fruit Tart,4,Trio of Apple Pies,Safe
5,5,Norman,Tarte au Citron,5,Pieful Tower,Eliminated
5,5,Richard,Fig and Orange Tart,7,Three Course Autumn Pie Feast,Safe
5,6,Chetna,Orange Savarin with Cinnamon Cream,2,Almond Liqueur Dobos Torte with Chocolate Caramel Buttercream,Star Baker
5,6,Kate,"Pecan, Chocolate and Sour Cherry Yeast Cake",6,Trio of Dobos Tortes,Safe
5,6,Luis,Apple and Cinnamon Kugelhopf with Honeyed Apples,3,The Cage on the Rocky Hill,Safe
5,6,Martha,Dark Chocolate and Almond Liqueur Savarin,4,Chess-Themed Chocolate and Salted Caramel Dobos Torte,Safe
5,6,Nancy,Rum Punch Savarin with Coconut Cream and Tropical Fruits,1,Chocolate and Caramel Dobos Torte,Safe
5,6,Richard,Fruity Guglhupf with an Orange Glaze,5,Sugar Forest Dobos Torte,Safe
5,7,Chetna,Crispy Lentil Kachori,6,Chocolate and Mango & Lemon Meringue Éclairs,Safe
5,7,Kate,Spinach and Paneer Spicy Samosa,4,Neapolitan & Lemon Meringue Éclairs,Eliminated
5,7,Luis,Childhood Empanadas,5,Stars and Stripes Éclairs,Safe
5,7,Martha,Mini Beef Wellingtons,3,Rhubarb and Custard & Maple Syrup and Bacon Éclairs,Safe
5,7,Nancy,Spicy Duck Pasties,2,Smoked Salmon and Horseradish & Raspberry Ripple Éclairs,Safe
5,7,Richard,Minted Lamb Pasties,1,Stair of Éclairs,Star Baker
5,8,Chetna,Date and Walnut Swirl Bread,1,Chocolate Mousse Filled DoughnutsBraided Doughnuts,Safe
5,8,Luis,Black Forest Cherry Tree,2,Cocktail Doughnuts,Safe
5,8,Martha,Spiced Plum Iced Bread Swirl,5,Glazed Lemon & Poppyseed DoughnutsChocolate & Passion Fruit Doughnuts,Eliminated
5,8,Nancy,Lincolnshire Plum Braid,3,Doughnut Family Tree,Safe
5,8,Richard,Fruit Swedish Tea Ring,4,Rhubarb and CustardToffee Apple Doughnuts,Star Baker
5,9,Chetna,Chocolate Orange BaklavaMasala Chai Baklava,4,"Chocolate, Orange & Nut EntremetsCappuccino Entremets",Eliminated
5,9,Luis,Indian Rose BaklavaHalwa Baklava Rolls,1,"Chocolate Mousse & Cherry EntremetsPomegranate, Fig & Pistachio Sponge",Safe
5,9,Nancy,Coffee and Chocolate BaklavaBreakfast Baklava,3,Raspberry NonnettesLime and Passion Fruit Entremets,Safe
5,9,Richard,Rose and Pistachio BaklavaWalnut and Almond Baklava,2,Hazelnut Mocha EntremetsPink Grapefruit Entremets,Star Baker
5,10,Luis,"Apple, Walnut, Raisin and Cheshire Cheese ChaussonsPain au Chocolat Blanc with Raspberries and Cream Cheese",2,Village in Chocolate,Runner-up
5,10,Nancy,Apple and Lemon KitesRaspberry and Almond Croissants,1,Red Windmill,Winner
5,10,Richard,Pear Pain au ChocolatPain Au Lait,3,Mill on the Hill,Runner-up
6,1,Alvin,Orange Vanilla and Fig Madeira Cake,2,Black Forest Gateau,Safe
6,1,Dorret,Madeira Cake with Candied Lemons,5,Enchanted Forest Gateau,Safe
6,1,Flora,Blood Orange Madeira Cake,6,Black Forest Gateau,Safe
6,1,Ian,Somewhere West of Madeira Cake,8,Black Forest Cherry Tree,Safe
6,1,Marie,Zingy Citrus Madeira Cake,3,A Walk in the Black Forest,Star Baker
6,1,Mat,Gin and Tonic Madeira Cake,7,Black Forest Gateau,Safe
6,1,Nadiya,Orange and Green Cardamom Madeira Cake,12,Quadruple Chocolate Black Forest Gateau,Safe
6,1,Paul,"Lemon, Ginger and Caraway Seed Madeira Cake",10,Black Forest Chocolate Creation,Safe
6,1,Sandy,Madeira Cake with Almond Liqueur and Chopped Apricots,9,Black Forest Gateau,Safe
6,1,Stu,Marley Madeira Cake,11,Purple Forest Gateau,Eliminated
6,1,Tamal,Pistachio and Rose Madeira Cake,4,Black Forest Gateau in a Chocolate Shell,Safe
6,1,Ugnė,Lemon and Thyme Madeira Cake,1,Falling Cup Gateau,Safe
6,2,Alvin,"Jackfruit, Pistachio and Macadamia Biscotti",6,Gingerbread Box filled with Brandy Snaps,Safe
6,2,Dorret,Almond and Apricot Biscotti with Amber Sugar Crystals,1,Box of Frogs,Safe
6,2,Flora,Wedding Biscotti,2,Honey and Earl Grey Tea Box,Safe
6,2,Ian,"Orange, Rosemary and Almond Biscotti",3,Sandwich de la Confiture,Star Baker
6,2,Marie,Biscotti Italiano,11,Russian Box,Eliminated
6,2,Mat,"Pistachio, Cranberry and White Chocolate Biscotti",5,Gingerbread Fire Engine,Safe
6,2,Nadiya,"Coconut, Fennel and Pistachio Biscotti",9,Box of Fortunes,Safe
6,2,Paul,"Chocolate, Hazelnut and Fig Biscotti",10,Memory Box,Safe
6,2,Sandy,Chocolate Chunk and Hazelnut Biscotti,4,Sundried Tomato Cheese Biscuit Box,Safe
6,2,Tamal,"Cinnamon, Maple and Cranberry Biscotti",8,Chessboard Box,Safe
6,2,Ugnė,White Wine Biscotti,7,Baby Climbing into the Cookie Box,Safe
6,3,Alvin,"Prosciutto, Manchego and Balsamic Onion Soda Breads",4,Cornucopia,Safe
6,3,Dorret,Walnut and Stilton Soda Breads,6,Unmade Bread,Eliminated
6,3,Flora,Fig and Hazelnut Rye Breads,2,Herb Couture,Safe
6,3,Ian,Wild Garlic Pesto Soda Breads,1,Flour Power,Star Baker
6,3,Mat,"Jalapeño, Mexican Cheddar and Smoked Salt Soda Breads",8,Curry Inspired Brighton Pavilion,Safe
6,3,Nadiya,Mexican Bread with Warm Tomato Salsa,9,Snake Charmer's Basket,Safe
6,3,Paul,Cranberry and Orange Sweet Soda Breads,10,King of the Jungle[a],Safe
6,3,Sandy,Soda Breads with Smoked Bacon and Onion,7,Basket of Bread Flowers with a Walnut and Blue Cheese Centre,Safe
6,3,Tamal,"Fig, Cheese and Walnut Breads",3,Breadcycle,Safe
6,3,Ugnė,Chocolate Quick Breads with Salted Caramel Sauce,5,Easter Basket,Safe
6,4,Alvin,Blackberry Crème Brûlées,9,Tower of Fruits Cheesecakes,Safe
6,4,Flora,Rhubarb and Ginger Crème Brûlées,3,Elderflower and Granola Cheesecakes,Safe
6,4,Ian,Pomegranate Two Ways Crème Brûlées,4,Trio of Spicy and Herby Baked Cheesecakes,Star Baker
6,4,Mat,Coconut Crème Brûlées,7,Chocolate Bar Cheesecakes,Safe
6,4,Nadiya,Cinnamon Tea Crème Brûlées,8,Fizzy Pop Cheesecakes,Safe
6,4,Paul,Almond Crème Brûlées,1,Berry Cheesecake Tower,Safe
6,4,Sandy,Pontefract Crème Brûlées,6,"Cassata, Whisky and Orange & Apple Pie Cheesecakes",Eliminated
6,4,Tamal,Rhubarb and Ginger Crème Brûlées,5,"Mango, Hazelnut and Rosemary Cheesecake Trio",Safe
6,4,Ugnė,Marula Fruit and Coffee Liqueur Crème Brûlées,2,"Lime, Coconut and Hazelnut Cheesecakes",Safe
6,5,Alvin,Pineapple Upside Down Cake,8,"Buko Pandan, Mango and Passion Fruit Ice Cream Roll",Safe
6,5,Flora,"Pistachio, Apple and Cardamom Madeleine Cake",3,Chocolate and Pear Bûche,Safe
6,5,Ian,Honey and Flowers Cake,5,Dessert Island,Safe
6,5,Mat,Sugar Free Carrot Cake,4,Raspberry & Coconut Ice Cream Roll,Safe
6,5,Nadiya,Naked Blueberry and Caraway Crunch Cake,1,Chocolate and Strawberry Lime Ice Cream Roll,Star Baker
6,5,Paul,Carrot & Pecan Cake,2,Dessert Island Getaway,Safe
6,5,Tamal,Honey and Grapefruit Polenta Cake,7,Passion Fruit and Pineapple Ice Cream Roll,Safe
6,5,Ugnė,Chocolate and Hazelnut Sugar-Free Cake,6,"Chocolate, Peanut Butter and Grape Jam Roll",Eliminated
6,6,Alvin,Plum Frangipane Tart,6,Smoked Salmon En Croûte and Vermouth Chicken à la King vol-au-vents,Eliminated
6,6,Flora,Apricot and Rosemary Frangipane Tart,2,Asparagus and Parma Ham and Praline and Chocolate vol-au-vents,Safe
6,6,Ian,Pear and Raspberry Frangipane Tart,3,vol-au-vents Terre et Mer,Safe
6,6,Mat,Piña Colada Frangipane Tart,1,His 'n' Hers vol-au-vents,Star Baker
6,6,Nadiya,"Bay Leaf, Rong Tea and Pear Tart",4,Bengali Korma and Clementine with Cod vol-au-vents,Safe
6,6,Paul,Christmas Frangipane Tart,5,Savoury and Sweet Bouchées,Safe
6,6,Tamal,Spiced Pear Frangipane Tart,7,Fennel and Rosemary Pulled Pork and Chicken and Coriander vol-au-vents,Safe
6,7,Flora,Game Pie with Shallot and Apple Chutney,4,"Raspberry, Pomegranate and Champagne Charlotte Russe",Safe
6,7,Ian,Roadkill Pie,5,Victoria's Crown Charlotte Russe,Safe
6,7,Mat,Raised Venison and Pigeon Pie,6,Strawberry Charlotte Russe,Eliminated
6,7,Nadiya,Aromatic Raised Game Pie,1,Mango and Raspberry Charlotte Russe,Safe
6,7,Paul,Not a Boaring Pie,2,Charlotte Rose,Safe
6,7,Tamal,Middle Eastern Game Pie,3,"Spiced Blackberry, Raspberry and Cardamom Charlotte Russe",Star Baker
6,8,Flora,Peach & Lemon Thyme and Smoked Almond & Butterscotch Cream Horns,3,Lime & Basil and Coconut & White Chocolate Religieuse à l'ancienne,Safe
6,8,Ian,Mont Blanc & Black Forest Gâteau Horns,2,Nun with Hidden Passions,Safe
6,8,Nadiya,Rose Pistachio and Mocha Hazelnut Horns,1,Bubble Gum and Peppermint Cream Religieuse à l'ancienne,Star Baker
6,8,Paul,Café Tipple & Banana Crunch-away Horns,5,Religieuse à l'ancienne,Eliminated
6,8,Tamal,Lime & Mascarpone and Malt Cream Horns,4,Passionfruit & Mango and Pistachio & Raspberry Religieuse à l'ancienne,Safe
6,9,Flora,Passion Fruit and Chocolate Tart,1,Cocoa Carousel,Eliminated[a]
6,9,Ian,Chocolate and Bay Tart,3,Chocolate Well,Safe
6,9,Nadiya,Peanut Salted Caramel and Chocolate Tart,4,Peacock in Nan's Door,Star Baker
6,9,Tamal,Chocolate New York Pie,2,Chocolate Bell Tower,Safe
6,10,Ian,Elderflower and Lemon & Spiced Buns,2,Colossal Curvy Carrot Cake,Runner-up
6,10,Nadiya,Cardamom and Almond Buns & Nutmeg and Sour Cherry Fingers,1,My Big Fat British Wedding Cake,Winner
6,10,Tamal,Cinnamon and Apple & Toffee and Marmalade Iced Buns,3,Sticky Toffee Pudding Cake,Runner-up
7,1,Andrew,Lemon and Rosemary Drizzle Cake,12,'Ultimate Indulgence' Mirror Glaze Cake,Safe
7,1,Benjamina,"Pistachio, Cardamom and Lemon Drizzle Cake",6,White Chocolate Mirror Glaze with Salted Praline Buttercream,Safe
7,1,Candice,Raspberry and Rhubarb Drizzle Custard Bundt Cake,5,"Mirror Mirror On The Wall, Who Is The Shiniest Cake Of Them All?",Safe
7,1,Jane,Lemon and Poppy Seed Drizzle Cake,7,Chocolate Orange Mirror Cake,Star Baker
7,1,Kate,Berry Best Apple and Bramble Drizzle Cake,4,One Swallow Does Not Make A Summer Cake,Safe
7,1,Lee,St. Clements Orange and Lemon Drizzle Cake,11,Strawberry Surprise Mirror Cake,Eliminated
7,1,Louise,Orange Liqueur and Lemonade Drizzle Cake,9,White Chocolate Trifle Mirror Glaze Cake,Safe
7,1,Michael,"Lime, Ginger and Honey Drizzle Cake",3,Matcha Tea Chocolate Mirror Glaze,Safe
7,1,Rav,Ginger Spice Yuzu Drizzle Cake,8,Colombian Mocha Mirror Glaze Cake,Safe
7,1,Selasi,Citrus and Spice Drizzle Cake,1,"Raspberry, Sloe and White Chocolate Mirror Glaze Cake",Safe
7,1,Tom,G&T Drizzle Cake,2,Black Forest Broken Mirror,Safe
7,1,Val,Mum's Orange and Lemon Drizzle,10,Chocolate Sponge with Four Fruit Frosting,Safe
7,2,Andrew,Beehive Biscuits,4,Punting in Cambridge,Safe
7,2,Benjamina,Bouquet Biscuits,3,"New York, New York",Safe
7,2,Candice,"Salted Caramel, Chocolate Iced Shiny Hearts",8,Gingerbread Pub with Sticky Ginger Carpet,Star Baker
7,2,Jane,Flower Pot Iced Biscuits,2,Hastings Old Town Fishing Net Shops and Boat,Safe
7,2,Kate,"""A Biscuit for the Broads""",1,"""I Promise I will do my best""",Safe
7,2,Louise,Baa Bara Brith Biscuits,10,Gingerbread Wedding,Eliminated
7,2,Michael,"Malt, Chocolate and Orange Iced ""Beer"" Biscuits",9,Trip to See Santa in Lapland,Safe
7,2,Rav,Union Jack Bunting Biscuits,6,Gingerbread Christmas Fairground,Safe
7,2,Selasi,"""Wheelie Hot Iced Biscuits""",11,Stained Glass Window Gingerbread Church,Safe
7,2,Tom,Chai Frappelatteccino Biscuits,7,Tom and Pod's Near Death Experience,Safe
7,2,Val,Sunday Treat Iced Ice Cream Cone Biscuits,5,From Holland to New York via Yorkshire,Safe
7,3,Andrew,Chocolate Barmbrack Bread,2,Braided Harvest Bread Basket,Safe
7,3,Benjamina,"Chocolate, Tahini and Almond Babka",6,Braided Bread Heart,Safe
7,3,Candice,"Chocolate, Salted Caramel & Pecan Brittle Brioche Bread",3,Italian Light and Dark Rye Twist,Safe
7,3,Jane,Chocolate and Cranberry Couronne,9,Chorizo and Chilli Flower with Parmesan and Pesto Centre,Safe
7,3,Kate,Cobbled Loaf,8,The Corn Maiden,Safe
7,3,Michael,Chocolate and Chilli Swirl Plait,7,Cypriot Dove and Olive Branch Plaited Loaf with Houmous,Eliminated
7,3,Rav,"Chocolate, Cardamom and Hazelnut Loaf",10,Three Tier Diwali Bread Centrepiece,Safe
7,3,Selasi,"Chocolate, Orange and Cinnamon Bread",5,Bedouin Escape Tear and Share Bread,Safe
7,3,Tom,Chocolate Orange and Chilli Swirl Bread,4,Jörmungandr and Mjölnir,Star Baker
7,3,Val,Double Chocolate Cinnamon Twist Loaf,1,"""And They All Went Into The Ark To Get Out Of The Rain""",Safe
7,4,Andrew,Yorkshire 'Tapas' Puddings,4,Churros Window Box,Safe
7,4,Benjamina,"Red Onion Chutney, Brie and Bacon Yorkshire Puddings",1,Tropical Churros,Star Baker
7,4,Candice,Yorkshire Wellingtons,2,Two-Way Peanut Butter Churros,Safe
7,4,Jane,Meat and Two Veg Yorkshires,3,Pistachio and White Chocolate Churros,Safe
7,4,Kate,Christmas Dinner Compromise,7,Hot Cross Bunny Churros,Eliminated
7,4,Rav,Thai Tofu Panang Yorkshires,9,Three Dip Matcha Pistachio Churros,Safe
7,4,Selasi,Perfect Sunday Roast Accompaniment,8,Lemon and Anise Churros,Safe
7,4,Tom,West Yorkshire Fusion Puddings,5,Fennel Churros Snake In The Grass,Safe
7,4,Val,Mum's Chilli Yorkshire Puddings,6,Orange Chocolate Churros,Safe
7,5,Andrew,Mum and Dad's Breakfast Pastries,6,Spicy Chorizo Squash ParcelsBaklava Bites,Safe
7,5,Benjamina,'Good Morning America' SwirlsPeanut Butter and Banana Pinwheels,5,Plantain and Spinach SamosasChai Pear Cups,Safe
7,5,Candice,"Danish Pastry Croque Monsieur KitesCinnamon Apple, Vanilla Crème Rose Danish",2,"Sausage, Black Pudding and Apple RoundsBanoffee Whiskey Cups",Star Baker
7,5,Jane,"Orange Pain au RaisinsRaspberry, Chocolate and Almond Danish",1,"Roquefort, Fig and Walnut ParcelsCherry and Chocolate Cones",Safe
7,5,Rav,"Cinnamon SwirlsPecan, Walnut and Maple Plaits",8,Chinese Style Prawn Filo TartletsSpiced White Chocolate and Hazelnut Samosas,Safe
7,5,Selasi,"Rhubarb, Mango and Ginger PlaitPineapple and Coconut Pinwheels",3,"Parma Ham, Asparagus and Cheese Filo CigarsCoffee Cream Filo Cups",Safe
7,5,Tom,Mega Breakfast Bonanzas (Granola Spirals and Wheat Foldovers),4,Yin and Yang Amuse-bouche,Safe
7,5,Val,"Pecan and Maple Syrup PinwheelsApple, Sultana and Cinnamon Swirls",7,"Caramelised Red Onion, Goats Cheese TartletsMincemeat and Apple Spiced Parcels",Eliminated
7,6,Andrew,Tangy Lime and Ginger Meringue Pie,6,Spring Elderflower Trio,Safe
7,6,Benjamina,Grapefruit and Ginger Meringue Pie,2,Floral Tea Cake,Safe
7,6,Candice,"Lime, Coconut and Lemongrass Sugar Meringue Pie",5,Four Seasons Cake,Safe
7,6,Jane,Lime and Coconut Meringue Pie,4,Three Tier Orange Cake with a Floral Chocolate Collar,Safe
7,6,Rav,Mandarin Margarita Meringue Pie,3,Blossom Cake,Eliminated
7,6,Selasi,"Grapefruit, Orange and Mint Meringue Pie",7,Three Tiered Ombré Floral Cake,Safe
7,6,Tom,Blood Orange Halloween Pumpkin Pie,1,Floral Tea Cake,Star Baker
7,7,Andrew,Tropical Holiday Roulade,1,Childhood Ice Cream Mousse Cakes,Star Baker
7,7,Benjamina,Piña Colada Roulade,3,Apple Crumble Mousse CakeChocolate Coffee Mousse Cake,Safe
7,7,Candice,Crowd Pleaser Roulade,2,Blackberry and Raspberry BubblesAfter Dinner Mousse,Safe
7,7,Jane,Chocolate and Hazelnut Roulade,4,"Chocolate, Coffee, and Vanilla Joconde CakesBlackcurrant and Vanilla Ombré Mousses",Safe
7,7,Selasi,Summer Picnic Roulade,6,"Lemon, Raspberry and Passionfruit and Chocolate and Mint Mini Mousse Cakes",Safe
7,7,Tom,Millionaire's Roulade,5,Hipster Picnic,Eliminated
7,8,Andrew,Da Vinci Inspired Geared Pies,2,Jousting Knights Marchpane,Safe
7,8,Benjamina,Mexican Adventure,4,Tudor Garden,Eliminated
7,8,Candice,Cheesy Cheeky Fish Pies,1,Peacock,Star Baker
7,8,Jane,Tudor Rose Pies,5,Swans,Safe
7,8,Selasi,Bouquet of Flowers,3,Fruity Tudor Marchpane,Safe
7,9,Andrew,Cheesy Elephant EarsHerby Treble Clefs,2,Philharmonic Fondants,Star Baker
7,9,Candice,"Red Onion, Cambozola and Walnut PalmiersMushroom, Streaky Bacon, and Parmesan Palmiers",3,Chocolate Praline Fondant FanciesCherry Bakewell Fondant Fancies,Safe
7,9,Jane,"Pesto and Sundried Tomato PalmiersGoats Cheese, Olive and Parma Ham Palmiers",1,Pistachio and Raspberry Fondant FanciesLemon Curd Surprise Fondant Fancies,Safe
7,9,Selasi,"Sundried Tomato, Onion, Peppers and Parmesan PalmiersSalmon, Spinach and Mushroom Palmiers",4,Lime and Ginger Fondant FanciesPink Velvet and Raspberry Prosecco Fondant Fancies,Eliminated
7,10,Andrew,Crunchy Caramel Cassis Crown,1,Family and Friends' Favourites Picnic,Runner-up
7,10,Candice,Queen Victoria's Mango and Strawberry Crown,2,Picnic for Pearly Kings and Queens,Winner
7,10,Jane,"Red, White and Blue Meringue Crown",3,Family Favourites Feast,Runner-up
8,1,Chris,Tropical Fresh Fruit Cake,12,'Raised Pork Pie and Egg Surprise' Cake,Safe
8,1,Flo,Citrus Layer Cake,9,'One in a Melon' Cake,Safe
8,1,James,"Orange, Rhubarb & Ginger Crumble Cake",2,'Mock-accino and Croissant' Cake,Safe
8,1,Julia,Courgette and Lemon Cake,3,'Russian Doll' Cake,Safe
8,1,Kate,Moroccan Strawberry and Rose Cake,1,'Chocolate Terrarium' Cake,Safe
8,1,Liam,Apple and Almond Crumble Maple Loaf,8,'Stackin' Sunday' Cake,Safe
8,1,Peter,Coconut Cake,10,'Bread on a Breadboard' Cake,Eliminated
8,1,Sophie,Pineapple and Coconut Sandwich Cake,5,'Champagne Bottle and Bucket' Cake,Safe
8,1,Stacey,Granny Smith Apple and Walnut Cake,11,'Black Evening Clutch Bag' Cake,Safe
8,1,Steven,Bonfire Night Cake,6,'A Baker's Lunch' Cake,Star Baker
8,1,Tom,Gilded Pear and Cardamom Cake,7,'Stack of Books' Cake,Safe
8,1,Yan,Windfall Apple Crumble Cake,4,'Banana-ramen' Cake,Safe
8,2,Chris,Chocolate Chia Seed Biscuits with Whisky Caramel Filling,11,'The Great British Sail Off' Game,Eliminated
8,2,Flo,Gin Jam Butties,10,'Pick My Bones' Game,Safe
8,2,James,Rhubarb and Custard Whirls,3,'Coppit' Game,Safe
8,2,Julia,Middle Eastern Delight Sandwich Biscuits,4,'A British Baking' Game,Safe
8,2,Kate,Coconut Seashells for a Titanic Afternoon Tea,8,'Jungle' Game,Safe
8,2,Liam,Coffee Malted Pecan Shorties,7,'Classroom Classics' Game,Safe
8,2,Sophie,Lemon Limoncino Sandwich Biscuits,2,'Snakes and Ladders' Game,Safe
8,2,Stacey,Sparkly Chocolate and Marshmallow Fluff Cookies,9,'Get to School' Game,Safe
8,2,Steven,Amarpressi Biscuits,6,'Check Bake' Game,Star Baker
8,2,Tom,Coffee and Amaretto Kisses,5,'Drain Pipes and Ladders' Game,Safe
8,2,Yan,'Mrs. Marian's PB 'n' B' Biscuits,1,'Adventures in Bakeland' Game,Safe
8,3,Flo,Cinnamon and Orange Teacakes,7,'Davy Jones' Locker' Bread Sculpture,Eliminated
8,3,James,Nordic Teacakes,9,'Owl in the Woods' Bread Sculpture,Safe
8,3,Julia,Earl Grey Dried Fruit Teacakes,2,'The Snail Under a Mushroom' Bread Sculpture,Star Baker
8,3,Kate,Blueberry Buns,10,'Kraken' Bread Sculpture,Safe
8,3,Liam,Jamaican Spiced Teacakes,5,'Kneadapolitan' Bread Sculpture,Safe
8,3,Sophie,Tagine Teacakes,6,'Picnic Basket' Bread Sculpture,Safe
8,3,Stacey,Cranberry and Cinnamon Teacakes,1,'Ascot Hat' Bread Sculpture,Safe
8,3,Steven,Madras Cocktail Teacakes,3,'The Bag I Knead' Bread Sculpture,Safe
8,3,Tom,Orange and Cranberry Teacakes,4,'Pink & Yellow Rose Centrepiece' Bread Sculpture,Safe
8,3,Yan,'Mrs P's' Masala Chai Spiced Teacakes,8,'Basil the Vegetarian Dragon with his Pumpkin Hoard' Bread Sculpture,Safe
8,4,James,'Windy City' Millionaire Shortbreads,2,Nutty Caramel Cake,Safe
8,4,Julia,Pecan Salted Caramel Millionaire Shortbreads,9,Poppy Seed Caramel Cake,Safe
8,4,Kate,Salted Bay Caramel Millionaire Shortbreads,6,Sticky Toffee Apple Caramel Cake,Star Baker
8,4,Liam,Salted Peanut Butter Millionaire Shortbreads,3,White Layered Ginger Caramel Cake,Safe
8,4,Sophie,Jaffa Millionaire Shortbreads,4,Bird's Nest Caramel Cake,Safe
8,4,Stacey,Rum Salted Caramel Millionaire Shortbreads,1,Chocolate and Coffee Caramel Cake,Safe
8,4,Steven,Orange Macadamia Nut Millionaire Shortbreads,7,Caramel Crown Cake,Safe
8,4,Tom,Stem Ginger Caramel Shortbreads,5,Hummingbird Cake,Eliminated
8,4,Yan,'Lil' Red's Ginger and Nuts' Millionaire Shortbreads,8,Animals of the Rainforest Caramel Cake,Safe
8,5,James,Orange and Ginger Steamed School Pudding,7,'The Missed Silver Jubilee' Trifle Terrine,Eliminated
8,5,Julia,Orange & Treacle Steamed School Pudding,3,'Opulent Ornament' Trifle Terrine,Safe
8,5,Kate,'Mr Darcy's Steamy Lake Scene' Steamed School Pudding,8,'My Great Great Nan's' Raspberry Trifle Terrine,Safe
8,5,Liam,Cherries & Lemons that are 'Baked Well',2,'Cheers Lads' Trifle Terrine,Safe
8,5,Sophie,"Ginger, Fig and Honey Steamed School Pudding",1,"Raspberry, Yuzu & White Chocolate Bûche Trifle Terrine",Star Baker
8,5,Stacey,Bakewell Tart Steamed School Pudding,4,Tropical Trifle Terrine,Safe
8,5,Steven,Lemon & Blackcurrant Drizzle Steamed School Pudding,5,'From Across the Jelly Pond' Trifle Terrine,Safe
8,5,Yan,Mango Fruit Hat Steamed School Pudding,6,'Heart of a Hero' Trifle Terrine,Safe
8,6,Julia,'Pies from the Tree' Decorative Pies,7,'Special Occasion' Pie,Eliminated
8,6,Kate,'Vegetarian Pie Faces' Decorative Pies,5,Potato Curry Pie with Mango & Chilli Glaze,Safe
8,6,Liam,'Standard FC' Decorative Pies,4,'Nan's Sunday Dinner' Pie,Star Baker
8,6,Sophie,'The Four Seasons' Decorative Pies,2,Game Pie with Glazed Forest Fruits,Safe
8,6,Stacey,'Love Theme' Decorative Pies,6,Indian Hand Raised Pie with Mango,Safe
8,6,Steven,'Fleetwood Mac' Decorative Pies,3,Christmas Pie,Safe
8,6,Yan,'πr2' Decorative Pies,1,Chequerboard Pie,Safe
8,7,Kate,'Happy Hour' Cocktail Cannoli,6,'Flavour Fusion' Sfogliatelle,Safe
8,7,Liam,'Just Doing Me' Cannoli,2,'Morning Delivery' Sfogliatelle,Safe
8,7,Sophie,'Classics with a Twist' Cannoli,3,'Classics' Sfogliatelle,Safe
8,7,Stacey,My All Time Favourite Desserts,4,Pastry Surprise,Safe
8,7,Steven,Italian Style Cannoli,1,'Sicilian-style' Sfogliatelle,Star Baker
8,7,Yan,Cannoli Cocktails,5,Canadian Style Sfogliatelle,Eliminated
8,8,Kate,Burrito  Bedfordshire Clangers,2,'Liver Building Turret' Savoy Cake,Safe
8,8,Liam,'Take Out' Bedfordshire Clangers,5,'Fort Wizardore' Savoy Cake,Eliminated
8,8,Sophie,Char Siu & Banana Praline Bedfordshire Clangers,4,Citrus with Green Apple Croquembouche Savoy Cake,Safe
8,8,Stacey,Camembert & Onion and Apple & Blueberry Bedfordshire Clangers,3,'Bright' Lemon & Orange Savoy Cake,Star Baker
8,8,Steven,'Mediterranean Medley' Bedfordshire Clangers,1,Chestnut Rum Savoy Cake,Safe
8,9,Kate,Bellini and Valencian Orange Choux Buns,4,'Rainbow' Meringue Centrepiece,Safe
8,9,Sophie,Strawberry & Rhubarb and Chestnut & Vanilla Choux Buns,1,'Tutu with Opera Filling' Meringue Centrepiece,Star Baker
8,9,Stacey,'Choux-nicorn and Choux-moji' Choux Buns,2,'Flamingos in Love' Meringue Centrepiece,Eliminated
8,9,Steven,Key Lime Cheesecake and Bakewell Tart Choux Buns,3,'Some Air Over the Rainbow' Meringue Centrepiece,Safe
8,10,Kate,"Roman Spelt, Coconut Kala Chana & Flower Breads",3,"White Chocolate, Yuzu and Lychee Entremet",Runner-up
8,10,Sophie,"Spelt Boules, Mushroom Ciabatta & Orange Plaited Brioche",2,'Ode to the Honey Bee' Entremet,Winner
8,10,Steven,"Spelt & Rye, Toasted Garlic & Fontina and Sweet Chocolate Breads",1,'Yin Yang' Entremet,Runner-up
9,1,Antony,Turmeric and Caraway Goosnargh Cakes,12,"""Kilimanjaro Selfie""",Safe
9,1,Briony,Apple Cider Empire Biscuits,2,"""Bristol Biscuit Selfie""",Safe
9,1,Dan,Lemon and Strawberry Shrewsburys,4,"""New Dad in Palm Springs""",Safe
9,1,Imelda,Cherry and White Chocolate Oatmeal Biscuits,11,"""Seaside Selfie""",Eliminated
9,1,Jon,Aberffraw 'Creams',5,"""A Sailing Selfie by the Sea""",Safe
9,1,Karen,Yorkshire Perkins,6,"Rosewater and Cardamom ""Holiday Selfie""",Safe
9,1,Kim-Joy,Orange Blossom York Biscuits,10,"""Me at Miyajima Shrine""",Safe
9,1,Luke,Yorkshire Gingernuts,8,"""What Happens In Vegas...!""",Safe
9,1,Manon,Hazelnut Cornish Shortbread,3,Matcha and White Chocolate Ganache Japanese Selfie,Star Baker
9,1,Rahul,Fennel and Coconut Pitcaithly Bannock,7,"""First Spring in the UK""",Safe
9,1,Ruby,Masala Chai Devon Flats,1,"""Gingerbread Marathon Selfie""",Safe
9,1,Terry,Lake District Ginger Shortbread,9,"""Brandy Snap Selfie""",Safe
9,2,Antony,Cardamom and Coconut Burfi Traybake,9,"Pistachio, Saffron and Rose Cake",Safe
9,2,Briony,Turron and Orange Traybake,5,Chocolate Fudge and Salted Caramel Creation,Safe
9,2,Dan,Black Forest Slice,3,Dark Chocolate and Raspberry Birthday Cake,Safe
9,2,Jon,Lemon Meringue Traybake,1,Hawaiian Shirt Pina Colada Cake,Safe
9,2,Karen,Almond and Marzipan Traybake with Rhubarb Jam,11,Strawberry Fayre Chocolate Cake,Safe
9,2,Kim-Joy,Pandan Chiffon Cake with Palm Sugar Cream,4,Yuzu and Raspberry Genoise Cat Cake,Safe
9,2,Luke,Lemon and Poppy Seed Traybake,7,Raspberry and White Chocolate Collar Cake,Eliminated
9,2,Manon,Rosemary and Honey Traybake,6,Almond Princess Cake,Safe
9,2,Rahul,Lemon and Cardamom Traybake,2,Chocolate Orange Layer Cake[a],Star Baker
9,2,Ruby,Boozy Black Forest Traybake,10,"Chocolate Orange ""Jackson Pollock"" Collar Cake",Safe
9,2,Terry,Rum and Raisin Traybake,8,Champagne and Strawberries Eiffel Tower Collar Cake,Safe
9,3,Antony,Decadent Breakfast Chelsea Buns,8,Chocolate and Orange Adventure Korovai,Eliminated
9,3,Briony,Balsamic Strawberry Chelsea Buns,9,Happily Ever After Korovai,Safe
9,3,Dan,Sticky Spiced Orange Chelsea Buns,6,Wedding Korovai,Safe
9,3,Jon,Cardiff City vs Chelsea Buns,2,Korovai Dydd Dewi Sant,Safe
9,3,Karen,Peak District Christmas Chelsea Buns,5,French Breakfast Wedding Korovai,Safe
9,3,Kim-Joy,Pistachio and Cardamom Tangzhong Chelsea Buns,10,"Orange, Cinnamon and Cranberry 'Kit-ovai'",Safe
9,3,Manon,"Apricot, Cranberry and Marzipan Chai Chelsea Buns",3,Fabergé Inspired Traditional Korovai,Safe
9,3,Rahul,Mango and Cranberry Chelsea Buns,4,Garden Wedding Korovai,Star Baker
9,3,Ruby,"Gujarela Chelsea Buns with Dates, Almonds and Raisins",7,Mama and Papa's Belated Wedding Korovai,Safe
9,3,Terry,Tangy Citrus Sticky Chelsea Buns,1,Garden Korovai,Safe
9,4,Briony,Treacle Tart Roulade,5,Blood Orange & Amaretto Sticky Toffee Sphere,Safe
9,4,Dan,Florida Roulade,1,Dan and the Giant Peach,Star Baker
9,4,Jon,Mango and Passion Fruit Roulade,3,Lucy and Hannah's Ballet Cake,Safe
9,4,Karen,Coffee Cream and Praline Roulade,7,Chateau Du Chambord Framboise,Safe
9,4,Kim-Joy,'Sweet Dreams' Roulade,6,Melting Chocolate Galaxy,Safe
9,4,Manon,Amarene and Kirsch Cherry Roulade,8,White Chocolate Renaissance Surprise,Safe
9,4,Rahul,Rhubarb and Custard Roulade,4,Opera Cake with Kalash Inspired Dome,Safe
9,4,Ruby,Pina Colada Roulade,2,Chocolate Egg,Safe
9,4,Terry,NA,NA,NA,Safe
9,5,Briony,Honey and Apricot Ginger Cake,6,Turmeric Latte Chandelier,Safe
9,5,Dan,Ginger and Lemon Drip Cake,2,Birthday Kaleidoscope for Constance,Safe
9,5,Jon,Family Christmas Ginger Cake,7,Birthday Chandelier for Emily's 21st,Safe
9,5,Karen,Bonfire Night Ginger Cake,9,Pontefract Girls' School Reunion,Eliminated
9,5,Kim-Joy,Stem Ginger Cake with Poached Pears,4,Christmas Spiced Ice Chandelier,Star Baker
9,5,Manon,Italian Meringue Ginger Cake,5,Art Deco Spiced Biscuit Chandelier,Safe
9,5,Rahul,Bonfire Night Caramel Ginger Cake,3,Durga Puja Cardamom Chandelier,Safe
9,5,Ruby,Jamaican Me Crazy Ginger Cake,1,Peacock Chandelier,Safe
9,5,Terry,Caramelised Pear and Stem Ginger Cake,8,12 Days of Christmas Chandelier,Eliminated
9,6,Briony,Home Comforts,1,"""Down the Rabbit Hole"" Banquet Pie",Star Baker
9,6,Dan,Festive Samosas,6,Salmon Coulibiac,Eliminated
9,6,Jon,"A Romantic Dinner For Two, Samosa Style",2,Welsh Dragon Pie,Safe
9,6,Kim-Joy,Flavours of India,5,Silke the Vegetarian Mermaid,Safe
9,6,Manon,Samosas for Mum,4,"""What Has Poppy Eaten?""",Safe
9,6,Rahul,Paneer Singara and Misti Singara,3,Butterfly Pie,Safe
9,6,Ruby,Traditional Samosas,7,Kohinoor Crown,Safe
9,7,Briony,French Onion TartletsCeleriac & Apple Tartlets,5,Hazelnut Mocha Cake,Safe
9,7,Jon,Garlic Mushroom TartletsFalafel & Hummus Tartlets,4,Only Fools Eat Horses Cake,Eliminated
9,7,Kim-Joy,Broccoli & Tomato QuichesMascarpone Squirrel Tartlets,6,Lavender & Lemon Fox Cake,Star Baker
9,7,Manon,Summer & Winter Tartlets,2,Spiced Apple Cake,Safe
9,7,Rahul,Coriander Posto & Veg TartletsGhugni Chaat Tartlets,1,Chocolate & Coconut Layer Cake with Raspberry Jam,Safe
9,7,Ruby,Sage & Butternut Tartlets'Cheesy Greens' Tartlets,3,"Chocolate, Lemon & Coconut Cake",Safe
9,8,Briony,Spanish & West Country Smørrebrød,1,Nana Pat Kagekone,Safe
9,8,Kim-Joy,Bumblebee Eggs & Fish Smørrebrød,2,Off to the Opera Kagekone,Safe
9,8,Manon,Cheese and Fruit Smørrebrød,4,Birthday Girl Kagekone,Eliminated
9,8,Rahul,Smoked Salmon & Roasted Vegetable Smørrebrød,5,Indian King Kagemand,Safe
9,8,Ruby,Post-Gym Smørrebrød,3,Sister Kagekone,Star Baker
9,9,Briony,Mojito MadeleinesEspresso Martini Madeleines,3,British Tea to French Pâtisserie Window,Eliminated
9,9,Kim-Joy,Ginger and Lemon MadeleinesOrange Bunny Madeleines,2,Flavourite Flavours Window Display,Safe
9,9,Rahul,Lemon and Raspberry MadeleinesOrange Curd Madeleines,4,Classic Tribute to Pâtisserie Window,Safe
9,9,Ruby,Pick Your Own Madeleines,1,Parisian Un Bouquet de Fleurs Window Display,Star Baker
9,10,Kim-Joy,Amaretto Diplomat Filled DoughnutsLemon Ring Doughnuts,1,Lost City of Atlantis Dessert Landscape,Runner-up
9,10,Rahul,Mango Créme Pâtissière Filled DoughnutsSpiced Orange Ring Doughnuts,2,Edible Rock Garden,Winner
9,10,Ruby,Dulce De Leche Filled DoughnutsRaspberry and Cardamom Ring Doughnuts,3,Magical Edible Landscape,Runner-up
10,1,Alice,Gingerbread Fruit Cake Wreath,5,Like a Child in a Sweetshop Cake,Safe
10,1,Amelia,Christmas Cake,4,Carousel Birthday Cake,Safe
10,1,Dan,Jamaican Rum Cake,9,Pirate Island Cake,Eliminated
10,1,David,Squishy Squashy Fruit Cake,10,Snakey Birthday Cakey,Safe
10,1,Helena,Fruit Bat Cake,12,Away with the Fairies Cake,Safe
10,1,Henry,Wood Street Cake,1,Secret Woodland Cake,Safe
10,1,Jamie,Easter Simnel Cake,13,Salted Caramel Schnauzer Birthday Cake,Safe
10,1,Michael,Cup of Chai Cake,11,Treasure Chest Cake,Safe
10,1,Michelle,Bara Brith Teulu Ni (Our Family's Bara Brith),6,Tŷ Tylwyth Teg (Fairy House Cake),Star Baker
10,1,Phil,Spiced Fruit Cake with Rum Glaze,8,Retro Rocket Cake,Safe
10,1,Priya,Sunshine Fruit Cake,7,Once Upon a Time Cake,Safe
10,1,Rosie,Spicy Chai Loaf,2,Magical Jungle Cake,Safe
10,1,Steph,Great Grandma's Fruit Cake,3,A Sundae on the Beach Cake,Safe
10,2,Alice,Honeycomb Peanut Mallow Bars,1,Chocolate and Coconut New Zealand Lamb,Star Baker
10,2,Amelia,"Pistachio, Almond & Raisin Nougat Biscuit Bars",9,Swimming with Dolphins,Safe
10,2,David,Coco-nutty Chocolate Bars,2,Wedding Spray,Safe
10,2,Helena,Wicked Witch Fingers,12,Caught in a Spider's Web,Safe
10,2,Henry,"Coffee, Cardamom & Hazelnut Bars",6,Chapel Organ,Safe
10,2,Jamie,Cherry Caramel Shortbread Biscuit Bars,11,Biscuit Guitar,Eliminated
10,2,Michael,Lemon & Rosemary Biscuit Bars,4,Hamish the Highland Cow,Safe
10,2,Michelle,Bakewell Bars,8,Dewi y Ddraig Cymraeg – Dewi the Welsh Dragon,Safe
10,2,Phil,"Orange, Cranberry & White Chocolate Fudge Bars",3,Tina the Tortoise,Safe
10,2,Priya,Ruby Barfi Biscuit Bars,7,The Beast of Rocky Mountain,Safe
10,2,Rosie,Virgin Mojito Biscuit Bars,5,My Favourite Chicken – A Celebration of Legs,Safe
10,2,Steph,"Chocolate, Caramel Macchiato Biscuit Bars",10,Ginger the Cat,Safe
10,3,Alice,Baklava Tear & Share,7,Global Bread,Safe
10,3,Amelia,Chorizo Brunch Tear & Share,11,Caterpillar Transformation,Eliminated
10,3,David,Cinnamon Swirl Tear & Share,2,Trio of African Masks,Safe
10,3,Helena,Frosted Cinnamon and Pecan Tear & Share,8,Every Bread is Halloween,Safe
10,3,Henry,Chicken and Pesto Tear & Share,1,Herb Garden,Safe
10,3,Michael,Keralan Star Bread Tear & Share,6,Mediterranean Camp Fire,Star Baker
10,3,Michelle,Noson Caws (Cheese Night),5,Gardd Ni (Our Garden),Safe
10,3,Phil,Pancetta and Cheese Focaccia Tear & Share,10,Winner's Wreath,Safe
10,3,Priya,Smokey Jalapeño Tear & Share,4,Bird Boules,Safe
10,3,Rosie,Chilli and Manchego Tear & Share,9,Bread Safari,Safe
10,3,Steph,Sun-Dried Tomato and Pesto Star Tear & Share,3,Hand-Tied Bouquet of Flowers,Safe
10,4,Alice,Leafy Yoghurt Cake,8,Afternoon Tea,Safe
10,4,David,A Kick of Limoncello Cake,2,Flavours of India Mishti,Safe
10,4,Helena,Ghost Cake,9,Ye Olde English Sweet Shoppe Mishti,Safe
10,4,Henry,Ode to a German Breakfast Cake,3,Seaside Mishti,Safe
10,4,Michael,Cheesecake Surprise,7,Flag of India Mishti,Safe
10,4,Michelle,Homely Rhubarb Cake,5,Home Comforts Mishti,Safe
10,4,Phil,Trucking Lovely Rose Cake,6,A Corner of My Garden Mishti,Eliminated
10,4,Priya,Choc-chip Banana Cake,10,Flavours of My Childhood Mishti,Safe
10,4,Rosie,A Good Dose of Limoncello Cake,4,Cocktails & Canapés Mishti,Safe
10,4,Steph,Answer to Everything Cake,1,Pink and Pretty Mishti,Star Baker
10,5,Alice,Chocolate & Orange Custard Pies,6,Piña Colada Cake,Safe
10,5,David,Fancy Custards,9,Amaretto Sour Cake,Safe
10,5,Helena,Lemon and Lavender Pies,1,Vampire's Kiss Raspberry Vodka Cake,Eliminated
10,5,Henry,1920's Pies,3,White Russian Cake,Safe
10,5,Michael,"Mango, Lime & Ginger Pies",8,Brambling Cake,Safe
10,5,Michelle,Blueberry & White Chocolate Crème Brûlée Pies,7,My Little Sister the Dancing Queen's Piña Colada Cake,Eliminated
10,5,Priya,Lemon & Raspberry Ripple Pies,2,Meena Colada Cake,Safe
10,5,Rosie,Little Blackberry Pies,5,White Russian Cake,Safe
10,5,Steph,Zesty Citrus Custard Pies,4,Sour Lime Piña Colada Cake,Star Baker
10,6,Alice,Black Forest Meringue,1,Tiramisu Bombe,Safe
10,6,David,Spiced Meringue Surprise,2,Delightful Bombe,Safe
10,6,Henry,Towering Meringue Cake,4,Bonfire Bombe,Safe
10,6,Michael,Dark Chocolate Meringue Cake,6,Black Forest Bombe,Safe
10,6,Priya,Family Favourite,7,Summer Fruit Bombe,Eliminated
10,6,Rosie,Layers of Lime and Raspberry,5,Ruby Bombe,Safe
10,6,Steph,Eton Mess,3,Mirror Bombe,Star Baker
10,7,Alice,"Lemon, Blueberry & Almond Hot Cross Buns",6,"Chocolate, Orange and Salted Caramel Kaleidoscope Sarawak Style Layered Cake",Safe
10,7,David,Kozunak Plaits,2,Sarawak Style Layer Cake Sculpture,Safe
10,7,Henry,Chocolate Kardemummabullar,3,Elegant Present Box,Star Baker
10,7,Michael,Figgy Pudding Hot Cross Buns,5,Jamaican Mule Sarawak Style Layer Cake,Eliminated
10,7,Rosie,Mardi Gras Finnish Semlor Peacock Festival Buns,1,Rainbow Sarawak Style Layer Cake,Safe
10,7,Steph,Zest and Spice Hot Cross Buns,4,Orange and Chai Spiced Revitalise Cake,Safe
10,8,Alice,"Leek, Apple & Goat's Cheese Tarte Tatin",3,Apple Tree House Pie,Safe
10,8,David,Caramelly Carroty Tarte Tatin,1,Whitby Fish Pie,Safe
10,8,Henry,"Crab, Tomato & New Potato Tarte Tatin",5,Chandelier Picnic Pie,Eliminated
10,8,Rosie,"Shallot, Aubergine & Goat's Cheese Spiced Tarte Tatin",2,Rapunzel's Tower,Safe
10,8,Steph,Caramelised Onion & Goat's Cheese Tarte Tatin,4,Curried Chickpea & Potato Carousel Pie,Star Baker
10,9,Alice,"Mocha, Hazelnut & Orange Domed Tarts",4,Save Our Oceans,Star Baker
10,9,David,Aperitif Domed Tarts,2,Greenhouse Growing Moss,Safe
10,9,Rosie,"Lemon, Raspberry & Mint Domed Tarts",1,Time with Family,Eliminated
10,9,Steph,"Raspberry, Lemon & White Chocolate Domed Tarts",3,A Night at the Opera,Safe
10,10,Alice,"Chocolate, Pear, Ginger and Maple Cake",2,End of the School Year Celebration Picnic,Runner-up
10,10,David,"Chocolate, Armagnac and Prune Cake",1,Peachy Pic-Nik,Winner
10,10,Steph,Black Forest Chocolate Cake,3,Picnic in the Park,Runner-up
11,1,Dave,Chocolate Espresso Martini Battenberg,9,'Three Flavours of Tom DeLonge',Safe
11,1,Hermine,Chocolate & Orange Battenberg,5,'Ode to Lupita',Safe
11,1,Laura,'Celebration of Summer' Battenberg,6,Lemon & Elderflower Freddie,Safe
11,1,Linda,Ambulance Battenberg,12,Lemon & Orange Bob Marley,Safe
11,1,Loriea,'Hot Summer's Day Treats' Battenberg,10,'Flavours of Jamaica' A Tribute to Miss Lou,Eliminated
11,1,Lottie,Rhubarb and Custard Battenberg,4,Coconut & Lime Louis Theroux,Safe
11,1,Mak,East India Battenberg,8,Tribute to Bill Bryson,Safe
11,1,Marc,Bittersweet Battenberg,11,Chocolate & Vanilla Ziggy,Safe
11,1,Mark,Turkish Bazaar Inspired Battenberg,7,'Origin-ger of the Species' by Charles Darwin,Safe
11,1,Peter,Gluten-Free Chocolate & Orange Battenberg,2,'In Honour of Sir Chris',Star Baker
11,1,Rowan,'The Magic Flute' Battenberg,3,'Let Them Eat Cake' A Tribute To Marie Antoinette,Safe
11,1,Sura,Lemon and Orange Battenberg,1,'Ode to Attenborough',Safe
11,2,Dave,Feathered Chocolate Mango Florentines,1,'Waiting for Tacos',Star Baker
11,2,Hermine,Mango and Coconut Florentines,5,Sakura Tea Set,Safe
11,2,Laura,Salted Caramel Florentines,7,Celebration Afternoon Tea,Safe
11,2,Linda,Flower Topped Florentines,4,'High Tea in Amsterdam',Safe
11,2,Lottie,Quarantine Florentines,8,Viking Victuals,Safe
11,2,Mak,Mango and Cumin Florentines,3,Indian Chai Service,Eliminated
11,2,Marc,"Ginger, Cherry and Pistachio Florentines",9,Morning Coffee 'n' Toast,Safe
11,2,Mark,Mango Lassi Florentines,2,Ethiopian Coffee Ceremony,Safe
11,2,Peter,Sticky Toffee Florentines,10,Biscuit Burns Supper,Safe
11,2,Rowan,Waistcoat Florentines,11,'Worse Things Happen At Sea',Safe
11,2,Sura,Sohan Florentines,6,Speculaas Ramadan Tea Time,Safe
11,3,Dave,Chilli Chocolate & Cheesy Bacon Soda Breads,9,'Grateful For My Home and Little Family',Safe
11,3,Hermine,My Favourite Flavours Soda Bread,7,A Journey Back to France,Safe
11,3,Laura,Nana Peg's Nicely Spiced & Cherrylicious Soda Breads,6,Showstopping Musical Theatre Inspired Showstopper,Safe
11,3,Linda,Bara Cyflym Quick Bread,1,'Fruits of our Labour' Black Olive Bread & Tiger Bread,Safe
11,3,Lottie,Blueberry Breakfast & Summertime Soda Breads,5,My House In Bread,Safe
11,3,Marc,Cornish Soda Breads,2,The Dharma Wheel Bread Sheaf,Star Baker
11,3,Mark,Sausage & Stout Sodas,3,Orchard County Bread with Sweet Apple and Savoury Wild Garlic,Safe
11,3,Peter,Black Pudding & Ginger Beer Soda Breads,4,Edinburgh Cityscape Bread Plaque,Safe
11,3,Rowan,Flavours of Italy,10,Worcestershire Pear Tree,Eliminated
11,3,Sura,Middle Eastern Inspired Soda Breads,8,Mama's Tomato Vine Harvest Loaf,Safe
11,4,Dave,Honeycomb Explosion Brownies,8,Strawberry Splash White Chocolate Fraisier Cake,Safe
11,4,Hermine,"Raspberry, White Chocolate & Pistachio Brownies",5,Lemon & White Chocolate Cake,Safe
11,4,Laura,Salted Caramel Brownie S'mores,2,Chocolate Heaven Cake,Safe
11,4,Linda,'Treats of Christmas Past',1,English Rose Cake,Safe
11,4,Lottie,'Have Your Cake and Eat It' Brownies,9,Nana and Papa's Sapphire Anniversary Cake,Safe
11,4,Marc,Praline Brownies,6,White Chocolate & Raspberry Buttercream Celebration Cake,Safe
11,4,Mark,'Gimmie S'more' Brownies,3,'A Baking Show Birthday',Star Baker
11,4,Peter,Upside Down Brownies,4,Graduation Cake,Safe
11,4,Sura,Double Chocolate Marshmallow Brownies,7,Strawberry & White Chocolate Celebration Cake,Eliminated
11,5,Dave,Thai Basil Chicken Pasties,5,"Chocolate, Mango and Lime Tart",Safe
11,5,Hermine,Moroccan Tagine Pasties,2,Lime Confit & Lemon Meringue Tart,Safe
11,5,Laura,Proper Tasty Pasties,6,Kent Garden Tart,Star Baker
11,5,Linda,Spicy Indian Pasties,8,Gypsy Tart,Eliminated
11,5,Lottie,Toad-In-The-Hole-Less Pasties,4,Apple Tree Tart,Safe
11,5,Marc,Cornish Fish Pasties,7,Posh Apple & Blackberry Pie,Safe
11,5,Mark,Aloo Gobi & Paneer Pasties,3,Mes-SAGE in a Bottle,Safe
11,5,Peter,Kedgeree Pasties,1,Blackberry & Lemon Tart,Safe
11,6,Dave,Chicken Shaped Katsu Curry Buns,3,Matcha Shiba Inu Cake,Safe
11,6,Hermine,Chicken Nikuman Panda Buns,4,Strawberry Cherry Blossom Cake,Safe
11,6,Laura,Piggy Pork Belly Buns,7,Upside Down Pineapple Cake,Safe
11,6,Lottie,Cheeseburger Steamed Buns,2,'Into the Japanese Woods',Star Baker
11,6,Marc,'Hmmmm Dhal' Steamed Buns,6,Hamish the Dog Cake,Safe
11,6,Mark,Burger Buns,5,'Avo Baby',Eliminated
11,6,Peter,Lamb Steamed Buns,1,Dizzy the Shuttlecock,Safe
11,7,Dave,Novel Quiches,6,'Tiramisu',Safe
11,7,Hermine,Classic Quiches,1,Holiday Ice Cream Cake,Star Baker
11,7,Laura,Pea & Pizza Quiches,4,'Death by Chocolate',Safe
11,7,Lottie,English Breakfast & Summer Salad Quiches,5,'80's Mix Tape',Eliminated
11,7,Marc,Cornish Quiches,3,Retro Ice Cream Parlour,Safe
11,7,Peter,Thai Curry and Salmon Quiches,2,'Christmas Cake Surprise',Safe
11,8,Dave,'Celebration of Citrus' Cheesecakes,5,Newquay Beach Scene,Safe
11,8,Hermine,Passion Fruit Cheesecakes,3,Chocolate and Raspberry Mousse Jelly Cake,Star Baker
11,8,Laura,Passion Fruit Cheesecakes,1,'Flower Power' Koi Jelly Art Cake,Safe
11,8,Marc,New York Style Vanilla and Mascarpone Cheesecakes,2,Apple Jelly with Chocolate and Strawberry Mousse,Eliminated
11,8,Peter,Lime & Ginger Cheesecakes,4,Snow Globe Jelly Cake,Safe
11,9,Dave,"Honey Tequila, Mango & Passion Fruit Savarins",3,Celebration of Chocolate Cube Cake,Safe
11,9,Hermine,Crème et Abricot Baba au Rhum,2,'The Best of Hermine' Cube Cake,Eliminated
11,9,Laura,"Poached Pineapple, Kiwi & Passion Fruit Rum Babas",4,Black Forest Cube Cake,Safe
11,9,Peter,Strawberry & Elderflower Babas,1,"Chocolate, Raspberry & Pistachio Cube Cake",Star Baker
11,10,Dave,Caramel Latte Custard Slice,1,Tower to Redemption,Runner-up
11,10,Laura,Yuzu Custard Slice,3,Rainbow Dessert Tower,Runner-up
11,10,Peter,Cranachan Custard Slice,2,Bonkers Baking Show Bubble Cake,Winner[a]
12,1,Amanda,'Cherry Soldier' Mini Rolls,12,Elderflower & Lemon Surf Explosion,Safe
12,1,Chigs,Strawberries & Cream Mini Rolls,11,'Where it all Began',Safe
12,1,Crystelle,'Chai and Chai Again' Mini Rolls,8,'Bouq-cake' of Flowers,Safe
12,1,Freya,Vegan Lemon & Raspberry Mini Rolls,2,'Flower Potty',Safe
12,1,George,Chocolate & Hazelnut Mini Rolls,3,Greek Table,Safe
12,1,Giuseppe,Easter Mini Rolls,10,'Jack and The Beanstalk',Safe
12,1,Jairzeno,Lime & Passion Fruit Mini Rolls,9,'Kick the Can' Cake,Safe
12,1,Jürgen,Schwarzwald Mini Rolls,6,'Night Time Reading',Star Baker
12,1,Lizzie,Zoo Mini Rolls,4,Nana's Peaches & Cream,Safe
12,1,Maggie,'Knit & Natter' Mini Rolls,1,Ice-cream Cornet,Safe
12,1,Rochica,Colin Rolls,7,Apple Cake,Safe
12,1,Tom,Black Forest Mini Rolls,5,Classically Spectacular Showstopper,Eliminated
12,2,Amanda,'Open Sesame' Brandy Snaps,4,Carousel Rocking Horse,Safe
12,2,Chigs,'Espresso Martini' Brandy Snaps,7,Snooker Table,Safe
12,2,Crystelle,'Apple of My P-eye' Brandy Snaps,10,Vanity Playset,Safe
12,2,Freya,'Brandy Snapuccinos',3,'Winnie',Safe
12,2,George,Cypriot Brandy Snaps,8,'Paul & Prue Airlines',Safe
12,2,Giuseppe,Gianduja Snaps,2,Reversi Board Game,Safe
12,2,Jairzeno,"Chocolate, Passion Fruit & Pineapple Brandy Snaps",9,Tall Ship,Eliminated
12,2,Jürgen,'A Cup of Chai' Brandy Snaps,1,'Grandpa's Windmill',Star Baker
12,2,Lizzie,Fast-Food Apple Pie Brandy Snaps,6,'Paint a Truck',Safe
12,2,Maggie,Blackcurrant Brandy Snaps,5,Beach Playset,Safe
12,2,Rochica,Coffee Brandy Snaps,11,Gingerbread Pinball Game,Safe
12,3,Amanda,'Chasing Grainbows' Focaccia,3,'I Just FISH We Had More Time',Safe
12,3,Chigs,Spanish Cheesy Meaty Focaccia,6,Honey Milk Bread Picnic Basket,Safe
12,3,Crystelle,Feta & Grape Focaccia with Fennel & Walnut,9,'Bready' for Sunday Roast,Safe
12,3,Freya,Mexican Fajita Focaccia,4,'Under the Sea' Milk Bread Display,Safe
12,3,George,Greek Inspired Focaccia,7,'The Very Hungry Koala',Safe
12,3,Giuseppe,'Breakfast in Gaeta' Focaccia,1,'Your Five-a-Day',Star Baker
12,3,Jürgen,'Kipper-caccia' Focaccia,5,'The Baby',Safe
12,3,Lizzie,'Final Furlong' Focaccia,2,Pig Banquet,Safe
12,3,Maggie,Classic Focaccia,8,'Things You'd Find in a Rock Pool',Safe
12,3,Rochica,"Roast Garlic Focaccia with Tomato, Feta & Pesto",10,Birdcage,Eliminated
12,4,Amanda,'Chocolate Pav-Love',8,'Adam's Temptation' Imprimé Dessert,Safe
12,4,Chigs,Tropical Pavlova,3,Black Forest Imprimé Dessert,Star Baker
12,4,Crystelle,'Kiwi Lime Pie' Pam-lova,5,"'Una Piña Colada, Por Favor'",Safe
12,4,Freya,Peach Melba Vegan Pavlova,6,Chocolate & Orange Imprimé Dessert,Safe
12,4,George,Lemon Curd & Biscuit Cream Pavlova,7,Peanut Butter & Chocolate Imprimé Dessert,Safe
12,4,Giuseppe,'Every Day at the Beach' Pavlova,4,Red Fruit & Pistachio Imprimé Dessert,Safe
12,4,Jürgen,'Passover Pavlova',1,'Passtyme with Good Companye',Safe
12,4,Lizzie,Easter Pavlova,2,Liverpool Skyline Imprimé Dessert,Safe
12,4,Maggie,Traditional Pavlova,9,Paris Skyline Imprimé Dessert,Eliminated
12,5,Amanda,Spritzgebäck & Glühweinplätzchen,8,Rum. Plum & Raisin Cake,Safe
12,5,Chigs,Marzipan Hausfreunde & Almond Mandelhörnchen,2,Lemon & Mixed Peel Cake,Safe
12,5,Crystelle,Chocolate Engelsaugen & Pistachio Heidesand,7,Bavarian Brioche,Safe
12,5,Freya,Lebkuchen & Zimtsterne,5,Upside-down Cake,Eliminated
12,5,George,Cherry Marzipan Biscuits & Anisseed Spingerle,6,Chocolate & Tahini Anniversary Cake,Safe
12,5,Giuseppe,Bethmännchen & Italian Linzer Augen,1,Amarena Cherry Cake,Star Baker
12,5,Jürgen,Tee-Sterne & Milchkaffee-Gipfele,4,Beer Soaked Cake,Safe
12,5,Lizzie,Mandelhörnchen & Cheeky Boys,3,Bavarian Fairy Tale,Safe
12,6,Amanda,Sweet & Savoury Chouxnuts,5,'Fancy Terrine Pie',Eliminated
12,6,Chigs,'Oo La La Chouxnuts',3,'Leicester Pork Pie',Safe
12,6,Crystelle,Mango Maracujá & Miso Caramel Chouxnuts,2,'Lily Nana's Pickle Cottage',Star Baker
12,6,George,Classic Chouxnuts,6,'Christmas Dinner',Safe
12,6,Giuseppe,Bellissima Chouxnuts,4,'Laura's Terrine Pie',Safe
12,6,Jürgen,'Exotic Flavour & 70's Colour',1,'Lunch in Freiburg',Safe
12,6,Lizzie,Caramel & Floral Chouxnuts,7,'Neptune Pie',Safe
12,7,Chigs,"Chocolate, Coconut & Ginger Caramel Tart",3,'Caramel Mistake',Safe
12,7,Crystelle,"Apple, Pecan & Miso Caramel Tart",4,'Grandad Greg's Cactus Garden',Safe
12,7,George,Caramel Custard & Banana Tart,6,Salted Caramel Almond & Hazelnut Dacquoise,Eliminated
12,7,Giuseppe,Apricot & Hazelnut Caramel Tart,1,Salted Caramel & Praline Dessert,Safe
12,7,Jürgen,Triple Nut Caramel Delight,2,'Caramel Contrasts',Star Baker
12,7,Lizzie,'My Tart Will Go On',5,'Roses Really Smell Like Caramel',Safe
12,8,Chigs,Mum's Tropical Delight,1,Gluten-Free Red Velvet Cake,Star Baker
12,8,Crystelle,Tahini and Miso Coffee Ice Cream Sandwiches,5,'My Nana's Cascading Dress' Gluten-Free Cake,Safe
12,8,Giuseppe,Ginger and Orange Ice Cream Sandwich,2,Gluten-Free Black Forest Cake,Safe
12,8,Jürgen,'Meet My Favourites',4,Ultimate Gluten-Free Birthday Cake,Safe
12,8,Lizzie,Best Thing About Walks,3,Gluten-Free ‘Extraordinary' Cake,Eliminated
12,9,Chigs,Raspberry & Chocolate Slices,4,'The Apple Doesn't Fall Far from the Tree',Safe
12,9,Crystelle,"Yuzu, Coconut & Black Sesame Slices",3,'Tropical Wedding' Entremets,Star Baker
12,9,Giuseppe,Tiramisu Slices,2,'Leaning Tower of Pisa',Safe
12,9,Jürgen,Murder at the Opera,1,'Torii Gate in the Sea',Eliminated[a]
12,10,Chigs,'Take Two',2,Party Treats,Runner-up
12,10,Crystelle,"Pistachio, Cardamom & Orange Carrot Cake",1,Crazy Tea Party,Runner-up
12,10,Giuseppe,'Torta Camilla',3,'What Is the Hatter with Me',Winner[a]
13,1,Abdul,'Cake-y Cacti',6,'Summer In Pakistan',Safe
13,1,Carole,'To Bee or not to Bee',8,'Little House In The Country',Safe
13,1,Dawn,"Lime, Coconut & Tamarind Spring Cakes",3,'Nan's House',Safe
13,1,James,Sticky Toffee Apple Candles,12,'Last House On The Loch',Safe
13,1,Janusz,Pistachio & Cherry Vodka Liquor Wuzetka,7,'Home Is Where The Flowers Grow',Star Baker
13,1,Kevin,Mini Persian Love Cakes,4,'Ba-Na-Na That's My Hame',Safe
13,1,Maisam,Pistachio Cakes with Raspberry Buttercream,5,'My Childhood Home',Safe
13,1,Maxy,'Mango Magic Mess',10,'At My Mama's',Safe
13,1,Rebs,Hazelnut Mocha Latte Mini Cakes,11,'Piña Colada Cottage',Safe
13,1,Sandro,'A Bitesize of Love',2,'Best Time Ever' Cake,Safe
13,1,Syabira,"Coconut, Pandan & Caramel Mousse Cake",1,'Happiest Childhood Memory',Safe
13,1,Will,Ginger & Caramel Squares,9,'First London Family Home',Eliminated
13,2,Abdul,'Fudgetastic Maca-Cones',11,'Parrot-astic' Biscuits,Safe
13,2,Carole,'Just A Mouthful',4,'Macaron Masquerade',Safe
13,2,Dawn,'Toy Shop Yarns',9,'Baroque-Punk' Mask,Safe
13,2,James,'Raccarons',2,Menacing Mask,Safe
13,2,Janusz,Miniature Melons,6,Cubist Mask,Safe
13,2,Kevin,Mint Choc Trip,8,Mythical Mask,Safe
13,2,Maisam,Cute Carrots,7,Venetian Mask,Eliminated
13,2,Maxy,Baby Daisies,5,Masquerade,Star Baker
13,2,Rebs,'Wee Branstons',1,Floral Fascinator,Safe
13,2,Sandro,'Cheat Day Treat',3,Carnival Costume,Safe
13,2,Syabira,Satay Macarons,10,"'Two Face, One Soul'",Safe
13,3,Abdul,NA,NA,NA,Safe1
13,3,Carole,'Pizza Exceptional',8,'Something Fishy' Smörgåstårta,Safe
13,3,Dawn,Tex-Mex Pizza,6,Chicken Souvlaki Smörgåstårta,Safe
13,3,James,"'It Does Belong!' Ham, Mushroom and Pineapple Pizza",3,'The Most Pandastic' Smörgåstårta,Safe
13,3,Janusz,Full English Breakfast Pizza,1,'Fish and Chip Shop' Smörgåstårta,Star Baker
13,3,Kevin,'Now Bring Us Some Figgy Pizza',7,'I've Started So I'll Fin-ish' Smörgåstårta,Safe
13,3,Maxy,Sweet Rosemary Lamb Pizza,2,'Curvy Seafood' Smörgåstårta,Safe
13,3,Rebs,NA,NA,NA,Safe1
13,3,Sandro,Sweet & Spicy Pizza,4,'Ultimate' Smörgåstårta,Safe
13,3,Syabira,Malaysian Prawn Sambal Pizza,5,Nasi Lemak Smörgåstårta,Safe
13,4,Abdul,Coconut & Raspberry Besos,6,'Day of the Dead' Tres Leches Cake,Safe
13,4,Carole,Orange & Anise Seed Pan Dulce,10,'Pastel de Chocolate Mexicano' Tres Leches Cake,Safe
13,4,Dawn,'Dark Chocolate & Chilli Kick' Conchas,5,'Blooming' Tres Leches Cake,Safe
13,4,James,'Coffee Caramel Oyster' Conchas,8,Chocolate & Lime 'Many Leches' Cake,Eliminated
13,4,Janusz,Cacti Conchas,7,'Fruity Horchata' Tres Leches Cake,Safe
13,4,Kevin,'Sweet Breads are Made of These' Borrachitos,4,'Meci-Cocoa Pyramid' Tres Leches Cake,Safe
13,4,Maxy,'Bella Naranja' Conchas,1,'Cocoa Flower Fiesta' Tres Leches Cake,Star Baker
13,4,Rebs,Lemon Conchas,9,'Mexican Tiramisu' Tres Leches Cake,Eliminated
13,4,Sandro,Filled Concha Buns,3,'It's a Fiesta' Tres Leches Cake,Safe
13,4,Syabira,Corn on the Cob Conchas,2,Sweetcorn & Cinnamon Tres Leches Cake,Safe
13,5,Abdul,Fig & Date Puddings,2,'A Little Galaxy' Mousse Dessert,Safe
13,5,Carole,'My Little Beauties',6,'Strawberry Fields',Eliminated
13,5,Dawn,'Traditional' Steamed Puddings,7,'Woodland' Mousse Dessert,Safe
13,5,Janusz,Piña Colada Puddings,1,‘Cake Within a Cake Surprise',Safe
13,5,Kevin,Clootie Dumplings,5,'What The Dog Dug',Safe
13,5,Maxy,Sticky Toffee Puddings,3,'Sunset Surprise',Safe
13,5,Sandro,Apple & Cherry Crumble Puddings,4,'It's a Mousse World',Star Baker
13,5,Syabira,Watermelon Steamed Puddings,8,'Bee Positive',Safe
13,6,Abdul,Bonfire Cake,7,Witches Lantern,Safe
13,6,Dawn,'Ukrainian Sharlotka',5,'A Cat in a Fancy Hat' Lantern,Eliminated
13,6,Janusz,'Mum's Apple Cake',2,'Halloween Horror Movie Popcorn' Lantern,Safe
13,6,Kevin,'Apple Bobbing',3,'Arachna-FOMO' Lantern,Safe
13,6,Maxy,Classic Apple & Walnut Cake,6,'Spoooooky' Lantern,Safe
13,6,Sandro,Creepy Apple Crumble Cake,4,'Dead Disco Ball' Lantern,Safe
13,6,Syabira,'Witch Apple',1,'Itsy Bitsy Spider' Lantern,Star Baker
13,7,Abdul,"Cherry, Orange & Pistachio Floating Islands",4,Peach & Raspberry Mille-feuille,Safe
13,7,Janusz,'Morning Vanilla Latte' Floating Islands,5,'Neapolitan' Custard Gateau,Safe
13,7,Kevin,'Everything's Coming Up Roses' Floating Islands,3,'My Honey Valentine' Custard Gateau,Eliminated
13,7,Maxy,'Blueberry Lagoon' Floating Islands,2,'The Promised Land' Custard Gateau,Safe
13,7,Sandro,"Cherry, Almond & Hazelnut Floating Island",1,'Tribute to a Friend' Custard Gateau,Safe
13,7,Syabira,Mojito Floating Islands,6,'Piña Coladas Anyone?' Custard Gateau,Star Baker
13,8,Abdul,Coconut and Berry Vol-au-Vents,3,'Adventures of a Pie-rate' Pie Scene,Safe
13,8,Janusz,'Strawberries & Cream' Vol-au-Vents,2,'The Very Hungry Sausage Dog' Pie Scene,Safe
13,8,Maxy,'Summertime Fine' Vol-au-Vents,5,'Spicy Twinkling Stars' Pie Scene,Eliminated
13,8,Sandro,'Key-Lime' Vol-au-Vents,1,Caterpillar Pie Scene,Safe
13,8,Syabira,'Citrus Dreams' Vol-au-Vents,4,'Jack and the Beanstalk' Pie Scene,Star Baker
13,9,Abdul,'Pistachio Tiramisu' Mini-Charlottes,2,'To the Stars!' Krokan,Star Baker
13,9,Janusz,'Plums in Chocolate' Mini-Charlottes,3,'Brighton Pride' Krokan,Eliminated[a]
13,9,Sandro,'Caramel Nutty' Mini-Charlottes,4,'Where it Started to How it's Going' Krokan,Safe
13,9,Syabira,'Peanut & Berries' Mini-Charlottes,1,'The DNA in You' Krokan,Safe
13,10,Abdul,Summer Picnic,1,'It's All About The Bees' Edible Sculpture,Runner-up
13,10,Sandro,Summer Picnic,3,'The World From Different Angles' Edible Sculpture,Runner-up
13,10,Syabira,Summer Picnic,2,'This is My Home' Edible Sculpture,Winner
14,1,Abbi,"Foraged Poppy Seed, Lemon & Blackcurrant Vertical Layer Cake",3,'Herbert the Herdwick' Cake,Safe
14,1,Amos,Blood Orange & Dark Chocolate Vertical Layer Cake,2,'Orca on a Wave' Cake,Eliminated
14,1,Cristy,'Lemon Meringue' Vertical Layer Cake,6,'Raspberry Ripple' Duck Cake,Safe
14,1,Dan,Rhubarb & Custard Vertical Layer Cake,1,'Bruno' Cake,Star Baker
14,1,Dana,'Salted Caramel Latte' Vertical Layer Cake,12,'My Amazing Gracie' Cake,Safe
14,1,Josh,'Tropical' Vertical Layer Cake,8,'Mum's Highland Cow' Cake,Safe
14,1,Keith,'Dad's Chocolate Orange' Vertical Layer Cake,4,'Maisie' Cake,Safe
14,1,Matty,'Tiramisu' Vertical Layer Cake,7,'Marty the Cocker Spaniel' Cake,Safe
14,1,Nicky,'St. Clements' Vertical Layer Cake,10,'Always Beavering Around' Cake,Safe
14,1,Rowan,Chocolate & Raspberry Vertical Layer Cake,9,'Cosmopolitan Lobster' Cake,Safe
14,1,Saku,Chaminda's Favourite Vertical Layer Cake,5,'Tikiri the Turtle' Cake,Safe
14,1,Tasha,Black Sesame & Yuzu Vertical Layer Cake,11,Robin Cake,Safe
14,2,Abbi,'Flavours of Tunisia' Marshmallow Biscuits,1,'Dim Sum Brunch' Illusion Biscuits,Safe
14,2,Cristy,'Nanny June's' Marshmallow Biscuits,9,'Family Charcuterie Board' Illusion Biscuits,Safe
14,2,Dan,'Waterwheel' Marshmallow Biscuits,2,'Cheese & Onion Pie' Illusion Biscuits,Safe
14,2,Dana,'Mallow-Dramatic' Marshmallow Biscuits,7,'Friday Night Takeaway' Illusion Biscuits,Safe
14,2,Josh,'Black Forest' Marshmallow Biscuits,6,'JJ's Burger & Fries' Illusion Biscuits,Safe
14,2,Keith,'Letter from America' Marshmallow Biscuits,11,'Seaside Meal Deal' Illusion Biscuits,Eliminated
14,2,Matty,'Half-Time' Marshmallow Biscuits,5,'Cheeseboard' Illusion Biscuits,Safe
14,2,Nicky,'Tasty Teatime Treat' Marshmallow Biscuits,4,'A Home from Home Steak Pie' Illusion Biscuits,Safe
14,2,Rowan,"Lemon, Rosemary & Violet Marshmallow Biscuits",3,‘Charcuterie Board’ Illusion Biscuits,Safe
14,2,Saku,Pistachio & Raspberry Marshmallow Biscuits,10,'Sri Lankan Breakfast Feast' Illusion Biscuits,Safe
14,2,Tasha,'After-School Treat' Marshmallow Biscuits,8,'Japanese Katsu & Matcha' Illusion Biscuits,Star Baker
14,3,Abbi,'Country Kitchen' Cottage Loaf,8,'My Favourite Tree' Plaited Centrepiece,Eliminated
14,3,Cristy,"Cranberry, Rosemary & Walnut Cottage Loaf",6,Honey & Chocolate Plaited Centrepiece,Safe
14,3,Dan,Wild Garlic Cottage Loaf,10,'Stuffed Crust Pizza' Plaited Centrepiece,Safe
14,3,Dana,'Bread-ley Cooper' Cottage Loaf,3,'Tea Beside the Sea' Plaited Centrepiece,Safe
14,3,Josh,'Nduja' Pizza Cottage Loaf,4,'Tiger Mascot' Plaited Centrepiece,Safe
14,3,Matty,Olive & Tomato Cottage Loaf,7,'The Hammers' Plaited Centrepiece,Safe
14,3,Nicky,Roast Garlic & Rosemary Cottage Loaf,5,'Angus the Highland Cow' Plaited Centrepiece,Safe
14,3,Rowan,Olive & Tomato Cottage Loaf,9,'A Bread Rowan Tree' Plaited Centrepiece,Safe
14,3,Saku,Cinnamon & Orange Cottage Loaf,1,'Peacock on a Branch' Plaited Centrepiece,Safe
14,3,Tasha,Roast Garlic and Rosemary Malted Cottage Loaf,2,'Medusa' Plaited Centrepiece,Star Baker
14,4,Cristy,Cherry & Chocolate Torte,7,'For Love' Chocolate Box Cake,Safe
14,4,Dan,Chilli and Chocolate Torte,1,'A Treasure Chest of Delight' Chocolate Box Cake,Safe
14,4,Dana,'I Cherry-ish You' Chocolate Torte,5,'Once Upon a Time' Chocolate Box Cake,Safe
14,4,Josh,Raspberry & Chocolate Torte,6,'Chemistry Centenary' Chocolate Box Cake,Safe
14,4,Matty,Hazelnut & Chocolate Torte,2,Chocolate Box Cake,Star Baker
14,4,Nicky,'Dreamy' Chocolate Torte,4,'This is No Ordinary Chocolate Box' Cake,Safe
14,4,Rowan,'Mocha' Chocolate Torte,3,'Grandpa's Paints' Chocolate Box Cake,Safe
14,4,Saku,Chocolate & Raspberry Torte,8,'Time for Cricket' Chocolate Box Cake,Safe
14,4,Tasha,"Ginger, Almond & Dark Chocolate Torte",NA,Did not compete[a],Safe
14,5,Cristy,Creamy Mushroom & Leek Picnic Pies,5,'Autumnal Lattice' Decorative Pies,Star Baker
14,5,Dan,Lamb Keema Picnic Pies,1,'Journey Around South America' Decorative Pies,Safe
14,5,Dana,'Spud-tacular' Picnic Pies,2,'The Apple of my Pie' Decorative Pies,Safe
14,5,Josh,'Post-Match'’ Picnic Pies,8,'From Flour to Flower' Decorative Pies,Safe
14,5,Matty,'Spanakopità' Picnic Pies,7,'Ski Trip' Decorative Pies,Safe
14,5,Nicky,Pork & Cheese Picnic Pies,9,'Gran's Garden Trio' Decorative Pies,Eliminated
14,5,Rowan,Pork & Sweet Potato Picnic Pies,4,'Lattice Fabulous' Decorative Pies,Eliminated
14,5,Saku,Spicy Tuna Picnic Pies,6,'Pie Chart' Decorative Pies,Safe
14,5,Tasha,"Sausage, Apple & Cranberry Picnic Pies",3,'Sea or Ski?' Decorative Pies,Safe
14,6,Cristy,"Maple, Pecan & Cinnamon Spiced Buns",1,"Elderflower, Strawberry & Rhubarb Floral Dessert",Safe
14,6,Dan,'Dreaming of Greece' Spiced Buns,3,'Sunny Meadows' Floral Dessert,Safe
14,6,Dana,'Bun in a Million' Spiced Buns,6,'Stop and Smell the Rosé' Floral Dessert,Eliminated
14,6,Josh,Lemon & Blueberry Spiced Buns,2,"Rhubarb, Raspberry & Hibiscus Floral Dessert",Star Baker
14,6,Matty,'Rum Drunk' Spiced Buns,4,Blackberry & Elderflower Floral Dessert,Safe
14,6,Saku,Swedish Cinnamon Spiced Buns,5,Earl Grey & Hibiscus Floral Dessert,Safe
14,6,Tasha,'Yultide' Spiced Buns,7,Elderflower & Hibiscus Floral Dessert,Safe
14,7,Cristy,Orange Crème Caramels,4,'Croquembouche' Meringue Bombe,Safe
14,7,Dan,'Thai Green Curry' Crème Caramels,2,'Pale Blue Dot' Meringue Bombe,Star Baker
14,7,Josh,'Nan's Favourite' Crème Caramels,3,"'Game, Set and Match' Meringue Bombe",Safe
14,7,Matty,Chai Crème Caramels,6,'English Italian Summer' Meringue Bombe,Safe
14,7,Saku,'Mini Watalappan' Crème Caramels,5,'Flowers for my Bee' Meringue Bombe,Eliminated
14,7,Tasha,"Fig, Honey and Rosemary Crème Caramels",1,Plum and Ginger Meringue Bombe,Safe
14,8,Cristy,Cranberry & Sage Sausage Rolls,2,'Marvellous Sweet Factory' Buffet,Eliminated
14,8,Dan,'Dumplings in Disguise' Sausage Rolls,5,'Prehistoric Party Poopers' Buffet,Safe
14,8,Josh,Turkey & Cranberry ‘Christmas’ Sausage Rolls,4,'It's Christmas!!!' Buffet,Safe
14,8,Matty,'Classic' Sausage Rolls,3,'Sports' Buffet,Star Baker
14,8,Tasha,'Cider in the Park' Sausage Rolls,1,'Birthdays on the Farm' Buffet,Safe
14,9,Dan,Fancy Financiers,3,'Hypersonic' Millefoglie,Safe
14,9,Josh,Perfect Pudding Financiers,1,"Lemon, Blackberry & Blackcurrant Millefoglie",Star Baker
14,9,Matty,'Pick Me Up' Financiers,2,'Taste of Italy' Millefoglie,Safe
14,9,Tasha,'Fancy Fruit & Nut' Financiers,4,'Mango Mojito' Millefoglie,Eliminated
14,10,Dan,"'He Who Dares, Éclairs!'",2,'Lemon Drizzle Memory Lane' Cake,Runner-up
14,10,Josh,Tropical and Mocha Éclairs,1,'A Slice For All Seasons' Cake,Runner-up
14,10,Matty,Black Forest and Banoffee Éclairs,3,'Final Celebration' Cake,Winner
