state,Event,City,race_url,date,Finishers,top_result_m,top_result_f,distance,elevation_rating,surface_rating
Minnesota,Zumbro,Theilman,https://calendar.ultrarunning.com/event/zumbro,04/08/21,121,5:23:55,6:30:42,34 Miles,3,3
Minnesota,Zumbro,Theilman,https://calendar.ultrarunning.com/event/zumbro,04/11/20,Race Cancelled,Race Cancelled,Race Cancelled,50 Miles,3,3
Minnesota,Zumbro,Theilman,https://calendar.ultrarunning.com/event/zumbro,04/13/19,Race Cancelled,Race Cancelled,Race Cancelled,50 Miles,3,3
Minnesota,Zumbro,Theilman,https://calendar.ultrarunning.com/event/zumbro,04/13/18,49,9:13:44,10:15:45,50 Miles,3,3
Minnesota,Zumbro,Theilman,https://calendar.ultrarunning.com/event/zumbro,04/08/17,149,7:52:41,10:06:15,50 Miles,3,3
Minnesota,Zumbro,Theilman,https://calendar.ultrarunning.com/event/zumbro,04/08/16,128,7:49:36,10:08:09,50 Miles,3,3
Minnesota,Zumbro,Theilman,https://calendar.ultrarunning.com/event/zumbro,04/10/15,100,8:10:45,10:28:47,50 Miles,3,3
Minnesota,Zumbro,Theilman,https://calendar.ultrarunning.com/event/zumbro,04/11/14,61,8:30:08,10:54:03,50 Miles,3,3
Minnesota,Zumbro,Theilman,https://calendar.ultrarunning.com/event/zumbro,04/13/13,53,8:53:44,14:04:55,50 Miles,3,3
Minnesota,Zumbro,Theilman,https://calendar.ultrarunning.com/event/zumbro,04/13/12,39,9:56:39,9:30:32,50 Miles,3,3
Minnesota,Zumbro,Theilman,https://calendar.ultrarunning.com/event/zumbro,04/10/20,Race Cancelled,Race Cancelled,Race Cancelled,100 Miles,3,3
Minnesota,Zumbro,Theilman,https://calendar.ultrarunning.com/event/zumbro,04/12/19,Race Cancelled,Race Cancelled,Race Cancelled,100 Miles,3,3
Minnesota,Zumbro,Theilman,https://calendar.ultrarunning.com/event/zumbro,04/13/18,20,28:09:14,30:49:28,100 Miles,3,3
Minnesota,Zumbro,Theilman,https://calendar.ultrarunning.com/event/zumbro,04/07/17,48,19:42:48,22:34:11,100 Miles,3,3
Minnesota,Zumbro,Theilman,https://calendar.ultrarunning.com/event/zumbro,04/08/16,52,20:43:45,23:46:36,100 Miles,3,3
Minnesota,Zumbro,Theilman,https://calendar.ultrarunning.com/event/zumbro,04/10/15,46,18:04:00,24:53:10,100 Miles,3,3
Minnesota,Zumbro,Theilman,https://calendar.ultrarunning.com/event/zumbro,04/11/14,26,20:30:52,23:21:02,100 Miles,3,3
Minnesota,Zumbro,Theilman,https://calendar.ultrarunning.com/event/zumbro,04/12/13,23,21:46:18,26:47:20,100 Miles,3,3
Minnesota,Zumbro,Theilman,https://calendar.ultrarunning.com/event/zumbro,04/13/12,30,21:16:04,30:10:06,100 Miles,3,3
Minnesota,Zumbro,Theilman,https://calendar.ultrarunning.com/event/zumbro,04/08/11,16,21:53:05,26:13:36,100 Miles,3,3
Minnesota,Zumbro,Theilman,https://calendar.ultrarunning.com/event/zumbro,04/09/10,17,23:21:21,30:00:44,100 Miles,3,3
Minnesota,Zumbro,Theilman,https://calendar.ultrarunning.com/event/zumbro,04/10/09,11,26:18:21,28:49:53,100 Miles,3,3
Minnesota,Zumbro,Theilman,https://calendar.ultrarunning.com/event/zumbro,04/10/09,5,13:51:30,13:07:47,100 KM,3,3
Minnesota,Trail Mix,Rockford,https://calendar.ultrarunning.com/event/trail-mix,04/17/21,105,3:41:23,5:24:01,50 KM,3,3
Minnesota,Trail Mix,Rockford,https://calendar.ultrarunning.com/event/trail-mix,07/12/20,Race Cancelled,Race Cancelled,Race Cancelled,50 KM,3,3
Minnesota,Trail Mix,Rockford,https://calendar.ultrarunning.com/event/trail-mix,04/13/19,95,4:31:13,5:04:20,50 KM,3,3
Minnesota,Trail Mix,Rockford,https://calendar.ultrarunning.com/event/trail-mix,04/21/18,75,4:14:08,4:58:49,50 KM,3,3
Minnesota,Trail Mix,Rockford,https://calendar.ultrarunning.com/event/trail-mix,04/22/17,142,3:33:08,4:37:37,50 KM,3,3
Minnesota,Trail Mix,Rockford,https://calendar.ultrarunning.com/event/trail-mix,04/16/16,103,3:30:58,4:54:55,50 KM,3,3
Minnesota,Trail Mix,Rockford,https://calendar.ultrarunning.com/event/trail-mix,04/18/15,114,3:40:48,4:00:28,50 KM,3,3
Minnesota,Trail Mix,Rockford,https://calendar.ultrarunning.com/event/trail-mix,04/12/14,66,3:50:36,5:08:31,50 KM,3,3
Minnesota,Trail Mix,Rockford,https://calendar.ultrarunning.com/event/trail-mix,04/20/13,72,3:59:44,4:46:12,50 KM,3,3
Minnesota,Trail Mix,Rockford,https://calendar.ultrarunning.com/event/trail-mix,04/21/12,129,3:25:37,3:57:43,50 KM,3,3
Minnesota,Trail Mix,Rockford,https://calendar.ultrarunning.com/event/trail-mix,04/16/11,110,3:23:11,3:45:08,50 KM,3,3
Minnesota,Trail Mix,Rockford,https://calendar.ultrarunning.com/event/trail-mix,04/17/10,109,3:16:52,3:56:13,50 KM,3,3
Minnesota,Trail Mix,Rockford,https://calendar.ultrarunning.com/event/trail-mix,04/18/09,107,3:37:15,4:04:47,50 KM,3,3
Minnesota,Trail Mix,Rockford,https://calendar.ultrarunning.com/event/trail-mix,04/19/08,87,3:48:44,3:41:42,50 KM,3,3
Minnesota,Trail Mix,Rockford,https://calendar.ultrarunning.com/event/trail-mix,04/24/07,120,3:26:52,4:00:55,50 KM,3,3
Minnesota,Trail Mix,Rockford,https://calendar.ultrarunning.com/event/trail-mix,04/22/06,117,3:15:01,4:15:05,50 KM,3,3
Minnesota,Trail Mix,Rockford,https://calendar.ultrarunning.com/event/trail-mix,04/23/05,99,3:25:56,4:29:14,50 KM,3,3
Minnesota,Trail Mix,Rockford,https://calendar.ultrarunning.com/event/trail-mix,04/24/04,90,3:28:18,4:03:31,50 KM,3,3
Minnesota,Trail Mix,Rockford,https://calendar.ultrarunning.com/event/trail-mix,04/22/00,99,3:14:18,4:38:37,50 KM,3,3
Minnesota,Trail Mix,Rockford,https://calendar.ultrarunning.com/event/trail-mix,04/17/93,80,3:41:25,4:07:47,50 KM,3,3
Minnesota,Maple Syrup Fun Run,Faribault,https://calendar.ultrarunning.com/event/maple-syrup-fun-run,09/19/20,Race Cancelled,Race Cancelled,Race Cancelled,50 KM,2,2
Minnesota,Maple Syrup Fun Run,Faribault,https://calendar.ultrarunning.com/event/maple-syrup-fun-run,05/04/19,"No Results Posted. Submit
                                Results","No Results Posted. Submit
                                Results","No Results Posted. Submit
                                Results",50 KM,2,2
Minnesota,Maple Syrup Fun Run,Faribault,https://calendar.ultrarunning.com/event/maple-syrup-fun-run,05/05/18,"No Results Posted. Submit
                                Results","No Results Posted. Submit
                                Results","No Results Posted. Submit
                                Results",50 KM,2,2
Minnesota,Superior Spring Trail Race,Lutsen,https://calendar.ultrarunning.com/event/superior-spring-trail-race,05/20/21,137,4:03:32,5:27:20,50 KM,3,5
Minnesota,Superior Spring Trail Race,Lutsen,https://calendar.ultrarunning.com/event/superior-spring-trail-race,05/16/20,Race Cancelled,Race Cancelled,Race Cancelled,50 KM,3,5
Minnesota,Superior Spring Trail Race,Lutsen,https://calendar.ultrarunning.com/event/superior-spring-trail-race,05/18/19,204,4:13:46,5:12:58,50 KM,3,5
Minnesota,Superior Spring Trail Race,Lutsen,https://calendar.ultrarunning.com/event/superior-spring-trail-race,05/19/18,264,3:42:09,4:53:07,50 KM,3,5
Minnesota,Superior Spring Trail Race,Lutsen,https://calendar.ultrarunning.com/event/superior-spring-trail-race,05/20/17,229,3:45:28,4:30:32,50 KM,3,5
Minnesota,Superior Spring Trail Race,Lutsen,https://calendar.ultrarunning.com/event/superior-spring-trail-race,05/21/16,176,3:57:32,5:17:08,50 KM,3,5
Minnesota,Superior Spring Trail Race,Lutsen,https://calendar.ultrarunning.com/event/superior-spring-trail-race,05/16/15,186,4:08:16,5:26:55,50 KM,3,5
Minnesota,Superior Spring Trail Race,Lutsen,https://calendar.ultrarunning.com/event/superior-spring-trail-race,05/17/14,177,3:54:18,5:01:32,50 KM,3,5
Minnesota,Superior Spring Trail Race,Lutsen,https://calendar.ultrarunning.com/event/superior-spring-trail-race,05/18/13,158,3:50:31,5:42:45,50 KM,3,5
Minnesota,Superior Spring Trail Race,Lutsen,https://calendar.ultrarunning.com/event/superior-spring-trail-race,05/19/12,130,3:56:04,4:45:38,50 KM,3,5
Minnesota,Superior Spring Trail Race,Lutsen,https://calendar.ultrarunning.com/event/superior-spring-trail-race,05/21/11,81,3:49:28,4:41:42,50 KM,3,5
Minnesota,Superior Spring Trail Race,Lutsen,https://calendar.ultrarunning.com/event/superior-spring-trail-race,05/15/10,125,3:57:16,4:47:14,50 KM,3,5
Minnesota,Superior Spring Trail Race,Lutsen,https://calendar.ultrarunning.com/event/superior-spring-trail-race,05/16/09,71,3:48:54,5:27:31,50 KM,3,5
Minnesota,Superior Spring Trail Race,Lutsen,https://calendar.ultrarunning.com/event/superior-spring-trail-race,05/17/08,56,4:08:09,5:09:36,50 KM,3,5
Minnesota,Superior Spring Trail Race,Lutsen,https://calendar.ultrarunning.com/event/superior-spring-trail-race,05/19/07,58,4:01:01,4:32:05,50 KM,3,5
Minnesota,Superior Spring Trail Race,Lutsen,https://calendar.ultrarunning.com/event/superior-spring-trail-race,05/21/05,47,4:14:05,5:03:46,50 KM,3,5
Minnesota,Superior Spring Trail Race,Lutsen,https://calendar.ultrarunning.com/event/superior-spring-trail-race,05/22/04,52,3:59:28,4:58:55,50 KM,3,5
Minnesota,Superior Spring Trail Race,Lutsen,https://calendar.ultrarunning.com/event/superior-spring-trail-race,05/24/03,56,3:56:09,4:52:56,50 KM,3,5
Minnesota,Pound the Mound,Luverne,https://calendar.ultrarunning.com/event/pound-the-mound,05/15/21,19,4:48:12,5:28:36,30 Miles,3,3
Minnesota,Last Runner Standing,Duluth,https://calendar.ultrarunning.com/event/last-runner-standing,06/05/21,16,66.72,62.55,NA,3,3
Minnesota,Last Runner Standing,Duluth,https://calendar.ultrarunning.com/event/last-runner-standing,11/14/20,Race Cancelled,Race Cancelled,Race Cancelled,NA,3,3
Minnesota,Last Runner Standing,Duluth,https://calendar.ultrarunning.com/event/last-runner-standing,06/08/19,56,129.27,54.21,NA,3,3
Minnesota,Last Runner Standing,Duluth,https://calendar.ultrarunning.com/event/last-runner-standing,06/09/18,44,91.74,54.21,NA,3,3
Minnesota,FANS Ultra Races,Minneapolis,https://calendar.ultrarunning.com/event/fans,08/28/21,40,68.6,65.3,12 Hours,1,1
Minnesota,FANS Ultra Races,Minneapolis,https://calendar.ultrarunning.com/event/fans,08/29/20,Race Cancelled,Race Cancelled,Race Cancelled,12 Hours,1,1
Minnesota,FANS Ultra Races,Minneapolis,https://calendar.ultrarunning.com/event/fans,06/01/19,29,57,45,12 Hours,1,1
Minnesota,FANS Ultra Races,Minneapolis,https://calendar.ultrarunning.com/event/fans,06/02/18,49,74.8,68.8,12 Hours,1,1
Minnesota,FANS Ultra Races,Minneapolis,https://calendar.ultrarunning.com/event/fans,06/03/17,39,58.7997,71.6994,12 Hours,1,1
Minnesota,FANS Ultra Races,Minneapolis,https://calendar.ultrarunning.com/event/fans,06/04/16,38,91.3,64.4,12 Hours,1,1
Minnesota,FANS Ultra Races,Minneapolis,https://calendar.ultrarunning.com/event/fans,06/06/15,20,65.2,79,12 Hours,1,1
Minnesota,FANS Ultra Races,Minneapolis,https://calendar.ultrarunning.com/event/fans,06/07/14,34,69.1,70.6,12 Hours,1,1
Minnesota,FANS Ultra Races,Minneapolis,https://calendar.ultrarunning.com/event/fans,06/01/13,25,64.59,60.63,12 Hours,1,1
Minnesota,FANS Ultra Races,Minneapolis,https://calendar.ultrarunning.com/event/fans,06/02/12,53,84.74,78.98,12 Hours,1,1
Minnesota,FANS Ultra Races,Minneapolis,https://calendar.ultrarunning.com/event/fans,06/04/11,42,70.79,83.19,12 Hours,1,1
Minnesota,FANS Ultra Races,Minneapolis,https://calendar.ultrarunning.com/event/fans,06/05/10,40,85.49,82.69,12 Hours,1,1
Minnesota,FANS Ultra Races,Minneapolis,https://calendar.ultrarunning.com/event/fans,06/06/09,26,80.9,70.16,12 Hours,1,1
Minnesota,FANS Ultra Races,Minneapolis,https://calendar.ultrarunning.com/event/fans,06/07/08,32,75.01,58.86,12 Hours,1,1
Minnesota,FANS Ultra Races,Minneapolis,https://calendar.ultrarunning.com/event/fans,06/03/07,54,77.8,67.73,12 Hours,1,1
Minnesota,FANS Ultra Races,Minneapolis,https://calendar.ultrarunning.com/event/fans,06/03/06,34,66.32,57.3,12 Hours,1,1
Minnesota,FANS Ultra Races,Minneapolis,https://calendar.ultrarunning.com/event/fans,06/04/05,30,68.91,56.18,12 Hours,1,1
Minnesota,FANS Ultra Races,Minneapolis,https://calendar.ultrarunning.com/event/fans,06/05/04,35,87.2896,78.7196,12 Hours,1,1
Minnesota,FANS Ultra Races,Minneapolis,https://calendar.ultrarunning.com/event/fans,06/29/03,18,70.7095,60.3494,12 Hours,1,1
Minnesota,FANS Ultra Races,Minneapolis,https://calendar.ultrarunning.com/event/fans,06/29/02,18,62.94,66.12,12 Hours,1,1
Minnesota,FANS Ultra Races,Minneapolis,https://calendar.ultrarunning.com/event/fans,08/28/21,54,124.9,93.1,24 Hours,1,1
Minnesota,FANS Ultra Races,Minneapolis,https://calendar.ultrarunning.com/event/fans,08/29/20,Race Cancelled,Race Cancelled,Race Cancelled,24 Hours,1,1
Minnesota,FANS Ultra Races,Minneapolis,https://calendar.ultrarunning.com/event/fans,06/01/19,69,119,105,24 Hours,1,1
Minnesota,FANS Ultra Races,Minneapolis,https://calendar.ultrarunning.com/event/fans,06/02/18,64,125.2,121.2,24 Hours,1,1
Minnesota,FANS Ultra Races,Minneapolis,https://calendar.ultrarunning.com/event/fans,06/03/17,81,121.2997,109.9994,24 Hours,1,1
Minnesota,FANS Ultra Races,Minneapolis,https://calendar.ultrarunning.com/event/fans,06/04/16,81,132.1,135.7,24 Hours,1,1
Minnesota,FANS Ultra Races,Minneapolis,https://calendar.ultrarunning.com/event/fans,06/06/15,84,120.7,109.3,24 Hours,1,1
Minnesota,FANS Ultra Races,Minneapolis,https://calendar.ultrarunning.com/event/fans,06/07/14,72,124,123.6,24 Hours,1,1
Minnesota,FANS Ultra Races,Minneapolis,https://calendar.ultrarunning.com/event/fans,06/01/13,85,130.1,106.47,24 Hours,1,1
Minnesota,FANS Ultra Races,Minneapolis,https://calendar.ultrarunning.com/event/fans,06/02/12,93,142.86,128.71,24 Hours,1,1
Minnesota,FANS Ultra Races,Minneapolis,https://calendar.ultrarunning.com/event/fans,06/04/11,82,111.08,127.95,24 Hours,1,1
Minnesota,FANS Ultra Races,Minneapolis,https://calendar.ultrarunning.com/event/fans,06/05/10,88,122.56,115.05,24 Hours,1,1
Minnesota,FANS Ultra Races,Minneapolis,https://calendar.ultrarunning.com/event/fans,06/06/09,88,147.41,121.64,24 Hours,1,1
Minnesota,FANS Ultra Races,Minneapolis,https://calendar.ultrarunning.com/event/fans,06/07/08,82,123.57,114.51,24 Hours,1,1
Minnesota,FANS Ultra Races,Minneapolis,https://calendar.ultrarunning.com/event/fans,06/03/07,100,131.38,118.25,24 Hours,1,1
Minnesota,FANS Ultra Races,Minneapolis,https://calendar.ultrarunning.com/event/fans,06/03/06,86,118.55,127.66,24 Hours,1,1
Minnesota,FANS Ultra Races,Minneapolis,https://calendar.ultrarunning.com/event/fans,06/04/05,84,120.7,109.3,24 Hours,1,1
Minnesota,FANS Ultra Races,Minneapolis,https://calendar.ultrarunning.com/event/fans,06/05/04,35,87.29,78.72,24 Hours,1,1
Minnesota,FANS Ultra Races,Minneapolis,https://calendar.ultrarunning.com/event/fans,06/29/03,18,70.71,60.35,24 Hours,1,1
Minnesota,FANS Ultra Races,Minneapolis,https://calendar.ultrarunning.com/event/fans,06/29/02,82,121.39,109.46,24 Hours,1,1
Minnesota,FANS Ultra Races,Minneapolis,https://calendar.ultrarunning.com/event/fans,06/23/01,81,126.8,110.24,24 Hours,1,1
Minnesota,FANS Ultra Races,Minneapolis,https://calendar.ultrarunning.com/event/fans,06/24/00,82,131.41,113.91,24 Hours,1,1
Minnesota,FANS Ultra Races,Minneapolis,https://calendar.ultrarunning.com/event/fans,08/28/21,5,37.1,NA,6 Hours,1,1
Minnesota,FANS Ultra Races,Minneapolis,https://calendar.ultrarunning.com/event/fans,08/29/20,Race Cancelled,Race Cancelled,Race Cancelled,6 Hours,1,1
Minnesota,FANS Ultra Races,Minneapolis,https://calendar.ultrarunning.com/event/fans,06/01/19,14,46,37,6 Hours,1,1
Minnesota,FANS Ultra Races,Minneapolis,https://calendar.ultrarunning.com/event/fans,06/02/18,23,41.7,41.7,6 Hours,1,1
Minnesota,FANS Ultra Races,Minneapolis,https://calendar.ultrarunning.com/event/fans,06/03/17,15,40.3997,33.2999,6 Hours,1,1
Minnesota,FANS Ultra Races,Minneapolis,https://calendar.ultrarunning.com/event/fans,06/04/16,15,41.3,38.3,6 Hours,1,1
Minnesota,FANS Ultra Races,Minneapolis,https://calendar.ultrarunning.com/event/fans,06/06/15,15,34.6,37.9,6 Hours,1,1
Minnesota,FANS Ultra Races,Minneapolis,https://calendar.ultrarunning.com/event/fans,06/07/14,10,40.3,35.8,6 Hours,1,1
Minnesota,Afton Trail,Hastings,https://calendar.ultrarunning.com/event/afton-trail,07/03/21,147,4:25:30,4:48:09,50 KM,3,3
Minnesota,Afton Trail,Hastings,https://calendar.ultrarunning.com/event/afton-trail,07/04/20,Race Cancelled,Race Cancelled,Race Cancelled,50 KM,3,3
Minnesota,Afton Trail,Hastings,https://calendar.ultrarunning.com/event/afton-trail,07/06/19,247,3:51:14,5:01:35,50 KM,3,3
Minnesota,Afton Trail,Hastings,https://calendar.ultrarunning.com/event/afton-trail,07/07/18,253,3:30:14,4:32:05,50 KM,3,3
Minnesota,Afton Trail,Hastings,https://calendar.ultrarunning.com/event/afton-trail,07/01/17,277,3:54:35,4:56:11,50 KM,3,3
Minnesota,Afton Trail,Hastings,https://calendar.ultrarunning.com/event/afton-trail,07/02/16,209,3:44:27,4:37:14,50 KM,3,3
Minnesota,Afton Trail,Hastings,https://calendar.ultrarunning.com/event/afton-trail,07/04/15,169,3:47:41,4:49:26,50 KM,3,3
Minnesota,Afton Trail,Hastings,https://calendar.ultrarunning.com/event/afton-trail,07/05/14,164,3:43:38,4:43:57,50 KM,3,3
Minnesota,Afton Trail,Hastings,https://calendar.ultrarunning.com/event/afton-trail,07/06/13,168,3:40:20,4:42:55,50 KM,3,3
Minnesota,Afton Trail,Hastings,https://calendar.ultrarunning.com/event/afton-trail,07/07/12,199,3:54:57,4:21:29,50 KM,3,3
Minnesota,Afton Trail,Hastings,https://calendar.ultrarunning.com/event/afton-trail,07/02/11,97,4:30:18,5:13:47,50 KM,3,3
Minnesota,Afton Trail,Hastings,https://calendar.ultrarunning.com/event/afton-trail,07/03/10,115,3:48:10,4:24:11,50 KM,3,3
Minnesota,Afton Trail,Hastings,https://calendar.ultrarunning.com/event/afton-trail,07/04/09,138,4:04:18,4:41:12,50 KM,3,3
Minnesota,Afton Trail,Hastings,https://calendar.ultrarunning.com/event/afton-trail,07/05/08,131,4:02:09,4:13:21,50 KM,3,3
Minnesota,Afton Trail,Hastings,https://calendar.ultrarunning.com/event/afton-trail,07/07/07,105,3:59:43,4:18:22,50 KM,3,3
Minnesota,Afton Trail,Hastings,https://calendar.ultrarunning.com/event/afton-trail,07/01/06,84,4:20:05,4:21:48,50 KM,3,3
Minnesota,Afton Trail,Hastings,https://calendar.ultrarunning.com/event/afton-trail,07/02/05,76,3:49:44,4:50:52,50 KM,3,3
Minnesota,Afton Trail,Hastings,https://calendar.ultrarunning.com/event/afton-trail,07/01/04,65,4:18:06,5:01:03,50 KM,3,3
Minnesota,Afton Trail,Hastings,https://calendar.ultrarunning.com/event/afton-trail,07/01/03,58,4:36:00,4:46:00,50 KM,3,3
Minnesota,Afton Trail,Hastings,https://calendar.ultrarunning.com/event/afton-trail,07/01/02,74,4:28:00,4:44:00,50 KM,3,3
Minnesota,Afton Trail,Hastings,https://calendar.ultrarunning.com/event/afton-trail,07/01/01,62,4:01:00,4:47:00,50 KM,3,3
Minnesota,Afton Trail,Hastings,https://calendar.ultrarunning.com/event/afton-trail,07/01/00,58,4:07:16,5:15:26,50 KM,3,3
Minnesota,Afton Trail,Hastings,https://calendar.ultrarunning.com/event/afton-trail,07/01/99,76,3:49:51,4:40:13,50 KM,3,3
Minnesota,Afton Trail,Hastings,https://calendar.ultrarunning.com/event/afton-trail,07/01/98,71,3:25:23,4:42:26,50 KM,3,3
Minnesota,Afton Trail,Hastings,https://calendar.ultrarunning.com/event/afton-trail,07/01/97,86,3:27:30,4:29:22,50 KM,3,3
Minnesota,Afton Trail,Hastings,https://calendar.ultrarunning.com/event/afton-trail,07/01/96,61,4:14:15,4:31:19,50 KM,3,3
Minnesota,Afton Trail,Hastings,https://calendar.ultrarunning.com/event/afton-trail,07/01/95,63,3:28:32,4:39:30,50 KM,3,3
Minnesota,Afton Trail,Hastings,https://calendar.ultrarunning.com/event/afton-trail,07/01/94,53,3:17:51,4:18:18,50 KM,3,3
Minnesota,Minnesota Voyageur,Carlton,https://calendar.ultrarunning.com/event/minnesota-voyageur,07/24/21,111,7:09:34,8:07:06,50 Miles,3,3
Minnesota,Minnesota Voyageur,Carlton,https://calendar.ultrarunning.com/event/minnesota-voyageur,07/25/20,Race Cancelled,Race Cancelled,Race Cancelled,50 Miles,3,3
Minnesota,Minnesota Voyageur,Carlton,https://calendar.ultrarunning.com/event/minnesota-voyageur,07/27/19,239,7:14:38,8:23:25,50 Miles,3,3
Minnesota,Minnesota Voyageur,Carlton,https://calendar.ultrarunning.com/event/minnesota-voyageur,07/28/18,346,6:40:34,9:12:41,50 Miles,3,3
Minnesota,Minnesota Voyageur,Carlton,https://calendar.ultrarunning.com/event/minnesota-voyageur,07/29/17,289,6:56:42,7:56:36,50 Miles,3,3
Minnesota,Minnesota Voyageur,Carlton,https://calendar.ultrarunning.com/event/minnesota-voyageur,07/30/16,271,6:47:23,9:12:51,50 Miles,3,3
Minnesota,Minnesota Voyageur,Carlton,https://calendar.ultrarunning.com/event/minnesota-voyageur,07/25/15,213,6:49:33,8:56:10,50 Miles,3,3
Minnesota,Minnesota Voyageur,Carlton,https://calendar.ultrarunning.com/event/minnesota-voyageur,07/26/14,204,6:53:20,8:36:20,50 Miles,3,3
Minnesota,Minnesota Voyageur,Carlton,https://calendar.ultrarunning.com/event/minnesota-voyageur,07/27/13,159,7:01:34,8:23:22,50 Miles,3,3
Minnesota,Minnesota Voyageur,Carlton,https://calendar.ultrarunning.com/event/minnesota-voyageur,07/28/12,104,7:34:52,8:39:22,50 Miles,3,3
Minnesota,Minnesota Voyageur,Carlton,https://calendar.ultrarunning.com/event/minnesota-voyageur,07/30/11,109,7:27:35,8:37:35,50 Miles,3,3
Minnesota,Minnesota Voyageur,Carlton,https://calendar.ultrarunning.com/event/minnesota-voyageur,07/24/10,119,6:55:52,8:30:09,50 Miles,3,3
Minnesota,Minnesota Voyageur,Carlton,https://calendar.ultrarunning.com/event/minnesota-voyageur,07/25/09,124,7:16:28,8:06:56,50 Miles,3,3
Minnesota,Minnesota Voyageur,Carlton,https://calendar.ultrarunning.com/event/minnesota-voyageur,07/26/08,115,7:36:12,8:19:28,50 Miles,3,3
Minnesota,Minnesota Voyageur,Carlton,https://calendar.ultrarunning.com/event/minnesota-voyageur,07/28/07,77,7:30:39,8:14:14,50 Miles,3,3
Minnesota,Minnesota Voyageur,Carlton,https://calendar.ultrarunning.com/event/minnesota-voyageur,07/29/06,100,7:38:09,8:15:06,50 Miles,3,3
Minnesota,Minnesota Voyageur,Carlton,https://calendar.ultrarunning.com/event/minnesota-voyageur,07/30/05,85,7:34:46,8:59:28,50 Miles,3,3
Minnesota,Minnesota Voyageur,Carlton,https://calendar.ultrarunning.com/event/minnesota-voyageur,07/24/04,79,7:16:39,8:28:16,50 Miles,3,3
Minnesota,Minnesota Voyageur,Carlton,https://calendar.ultrarunning.com/event/minnesota-voyageur,07/26/03,46,8:18:26,10:32:16,50 Miles,3,3
Minnesota,Minnesota Voyageur,Carlton,https://calendar.ultrarunning.com/event/minnesota-voyageur,07/27/02,98,7:47:49,9:18:25,50 Miles,3,3
Minnesota,Minnesota Voyageur,Carlton,https://calendar.ultrarunning.com/event/minnesota-voyageur,07/28/01,88,7:41:35,8:18:18,50 Miles,3,3
Minnesota,Minnesota Voyageur,Carlton,https://calendar.ultrarunning.com/event/minnesota-voyageur,07/29/00,86,7:51:36,8:51:19,50 Miles,3,3
Minnesota,Minnesota Voyageur,Carlton,https://calendar.ultrarunning.com/event/minnesota-voyageur,07/24/99,73,7:52:53,9:54:06,50 Miles,3,3
Minnesota,Minnesota Voyageur,Carlton,https://calendar.ultrarunning.com/event/minnesota-voyageur,07/25/98,92,6:41:16,8:38:13,50 Miles,3,3
Minnesota,Minnesota Voyageur,Carlton,https://calendar.ultrarunning.com/event/minnesota-voyageur,07/26/97,96,7:17:51,9:01:15,50 Miles,3,3
Minnesota,Minnesota Voyageur,Carlton,https://calendar.ultrarunning.com/event/minnesota-voyageur,07/27/96,88,7:10:33,9:22:12,50 Miles,3,3
Minnesota,Minnesota Voyageur,Carlton,https://calendar.ultrarunning.com/event/minnesota-voyageur,07/29/95,79,7:10:05,8:50:38,50 Miles,3,3
Minnesota,Minnesota Voyageur,Carlton,https://calendar.ultrarunning.com/event/minnesota-voyageur,07/30/94,69,7:16:53,8:36:14,50 Miles,3,3
Minnesota,Minnesota Voyageur,Carlton,https://calendar.ultrarunning.com/event/minnesota-voyageur,07/31/93,80,7:33:15,8:31:24,50 Miles,3,3
Minnesota,Minnesota Voyageur,Carlton,https://calendar.ultrarunning.com/event/minnesota-voyageur,07/25/92,77,7:51:55,9:05:39,50 Miles,3,3
Minnesota,Minnesota Voyageur,Carlton,https://calendar.ultrarunning.com/event/minnesota-voyageur,07/27/91,112,7:51:33,8:27:16,50 Miles,3,3
Minnesota,Minnesota Voyageur,Carlton,https://calendar.ultrarunning.com/event/minnesota-voyageur,07/28/90,72,7:26:56,8:18:42,50 Miles,3,3
Minnesota,Minnesota Voyageur,Carlton,https://calendar.ultrarunning.com/event/minnesota-voyageur,07/29/89,60,8:05:55,10:21:52,50 Miles,3,3
Minnesota,Minnesota Voyageur,Carlton,https://calendar.ultrarunning.com/event/minnesota-voyageur,07/30/88,43,7:26:30,10:40:08,50 Miles,3,3
Minnesota,Minnesota Voyageur,Carlton,https://calendar.ultrarunning.com/event/minnesota-voyageur,07/25/87,58,6:48:05,10:49:09,50 Miles,3,3
Minnesota,Minnesota Voyageur,Carlton,https://calendar.ultrarunning.com/event/minnesota-voyageur,07/26/86,38,7:04:57,8:31:15,50 Miles,3,3
Minnesota,Minnesota Voyageur,Carlton,https://calendar.ultrarunning.com/event/minnesota-voyageur,07/27/85,54,6:22:10,8:45:03,48 Miles,3,3
Minnesota,Minnesota Voyageur,Carlton,https://calendar.ultrarunning.com/event/minnesota-voyageur,07/28/84,42,6:34:49,9:55:54,48 Miles,3,3
Minnesota,Minnesota Voyageur,Carlton,https://calendar.ultrarunning.com/event/minnesota-voyageur,07/23/83,30,6:53:22,12:26:33,48 Miles,3,3
Minnesota,Minnesota Voyageur,Carlton,https://calendar.ultrarunning.com/event/minnesota-voyageur,07/31/82,36,7:14:11,10:00:33,48 Miles,3,3
Minnesota,Superior Fall Trail Races,Two Harbors,https://calendar.ultrarunning.com/event/superior-fall-trail-races,09/10/21,124,21:09:31,27:14:10,100 Miles,4,4
Minnesota,Superior Fall Trail Races,Two Harbors,https://calendar.ultrarunning.com/event/superior-fall-trail-races,09/11/20,Race Cancelled,Race Cancelled,Race Cancelled,100 Miles,4,4
Minnesota,Superior Fall Trail Races,Two Harbors,https://calendar.ultrarunning.com/event/superior-fall-trail-races,09/06/19,180,20:15:55,25:23:19,100 Miles,4,4
Minnesota,Superior Fall Trail Races,Two Harbors,https://calendar.ultrarunning.com/event/superior-fall-trail-races,09/07/18,168,18:56:02,22:36:39,100 Miles,4,4
Minnesota,Superior Fall Trail Races,Two Harbors,https://calendar.ultrarunning.com/event/superior-fall-trail-races,09/08/17,169,19:31:40,25:23:03,100 Miles,4,4
Minnesota,Superior Fall Trail Races,Two Harbors,https://calendar.ultrarunning.com/event/superior-fall-trail-races,09/09/16,138,20:23:15,23:51:01,100 Miles,4,4
Minnesota,Superior Fall Trail Races,Two Harbors,https://calendar.ultrarunning.com/event/superior-fall-trail-races,09/11/15,160,19:30:37,25:36:47,100 Miles,4,4
Minnesota,Superior Fall Trail Races,Two Harbors,https://calendar.ultrarunning.com/event/superior-fall-trail-races,09/05/14,135,21:58:32,27:32:27,100 Miles,4,4
Minnesota,Superior Fall Trail Races,Two Harbors,https://calendar.ultrarunning.com/event/superior-fall-trail-races,09/07/13,88,23:21:36,26:03:14,100 Miles,4,4
Minnesota,Superior Fall Trail Races,Two Harbors,https://calendar.ultrarunning.com/event/superior-fall-trail-races,09/07/12,89,21:02:41,24:49:06,100 Miles,4,4
Minnesota,Superior Fall Trail Races,Two Harbors,https://calendar.ultrarunning.com/event/superior-fall-trail-races,09/09/11,62,24:13:53,27:19:17,100 Miles,4,4
Minnesota,Superior Fall Trail Races,Two Harbors,https://calendar.ultrarunning.com/event/superior-fall-trail-races,09/11/10,41,22:35:28,27:42:03,100 Miles,4,4
Minnesota,Superior Fall Trail Races,Two Harbors,https://calendar.ultrarunning.com/event/superior-fall-trail-races,09/11/09,36,26:31:47,30:59:32,100 Miles,4,4
Minnesota,Superior Fall Trail Races,Two Harbors,https://calendar.ultrarunning.com/event/superior-fall-trail-races,09/05/08,36,21:57:53,26:49:22,100 Miles,4,4
Minnesota,Superior Fall Trail Races,Two Harbors,https://calendar.ultrarunning.com/event/superior-fall-trail-races,09/07/07,23,23:17:26,32:35:58,100 Miles,4,4
Minnesota,Superior Fall Trail Races,Two Harbors,https://calendar.ultrarunning.com/event/superior-fall-trail-races,09/08/06,19,21:42:11,29:37:26,100 Miles,4,4
Minnesota,Superior Fall Trail Races,Two Harbors,https://calendar.ultrarunning.com/event/superior-fall-trail-races,09/11/04,18,28:04:56,28:31:51,100 Miles,4,4
Minnesota,Superior Fall Trail Races,Two Harbors,https://calendar.ultrarunning.com/event/superior-fall-trail-races,09/06/03,13,26:42:43,32:03:38,100 Miles,4,4
Minnesota,Superior Fall Trail Races,Two Harbors,https://calendar.ultrarunning.com/event/superior-fall-trail-races,09/07/02,17,24:05:11,26:39:24,100 Miles,4,4
Minnesota,Superior Fall Trail Races,Two Harbors,https://calendar.ultrarunning.com/event/superior-fall-trail-races,09/08/01,37,23:27:06,28:52:16,100 Miles,4,4
Minnesota,Superior Fall Trail Races,Two Harbors,https://calendar.ultrarunning.com/event/superior-fall-trail-races,09/09/00,28,18:59:58,28:43:30,100 Miles,4,4
Minnesota,Superior Fall Trail Races,Two Harbors,https://calendar.ultrarunning.com/event/superior-fall-trail-races,09/11/99,37,20:40:05,23:52:40,100 Miles,4,4
Minnesota,Superior Fall Trail Races,Two Harbors,https://calendar.ultrarunning.com/event/superior-fall-trail-races,09/18/98,28,22:55:10,NA,100 Miles,4,4
Minnesota,Superior Fall Trail Races,Two Harbors,https://calendar.ultrarunning.com/event/superior-fall-trail-races,09/20/97,39,19:50:45,26:02:53,100 Miles,4,4
Minnesota,Superior Fall Trail Races,Two Harbors,https://calendar.ultrarunning.com/event/superior-fall-trail-races,09/21/96,44,20:40:24,28:07:49,100 Miles,4,4
Minnesota,Superior Fall Trail Races,Two Harbors,https://calendar.ultrarunning.com/event/superior-fall-trail-races,09/09/95,35,20:30:12,28:39:56,100 Miles,4,4
Minnesota,Superior Fall Trail Races,Two Harbors,https://calendar.ultrarunning.com/event/superior-fall-trail-races,09/03/94,37,21:15:29,24:17:59,100 Miles,4,4
Minnesota,Superior Fall Trail Races,Two Harbors,https://calendar.ultrarunning.com/event/superior-fall-trail-races,09/10/93,47,20:46:03,25:30:28,100 Miles,4,4
Minnesota,Superior Fall Trail Races,Two Harbors,https://calendar.ultrarunning.com/event/superior-fall-trail-races,09/04/92,36,17:21:42,26:45:02,100 Miles,4,4
Minnesota,Superior Fall Trail Races,Two Harbors,https://calendar.ultrarunning.com/event/superior-fall-trail-races,09/07/91,27,23:08:57,26:49:49,100 Miles,4,4
Minnesota,Superior Fall Trail Races,Two Harbors,https://calendar.ultrarunning.com/event/superior-fall-trail-races,09/10/21,75,8:46:13,9:36:37,50 Miles,3,4
Minnesota,Superior Fall Trail Races,Two Harbors,https://calendar.ultrarunning.com/event/superior-fall-trail-races,09/12/20,Race Cancelled,Race Cancelled,Race Cancelled,50 Miles,3,4
Minnesota,Superior Fall Trail Races,Two Harbors,https://calendar.ultrarunning.com/event/superior-fall-trail-races,09/06/19,129,8:18:38,10:52:15,50 Miles,3,4
Minnesota,Superior Fall Trail Races,Two Harbors,https://calendar.ultrarunning.com/event/superior-fall-trail-races,09/07/18,116,8:43:36,10:37:57,50 Miles,3,4
Minnesota,Superior Fall Trail Races,Two Harbors,https://calendar.ultrarunning.com/event/superior-fall-trail-races,09/08/17,105,8:42:53,10:47:22,50 Miles,3,4
Minnesota,Superior Fall Trail Races,Two Harbors,https://calendar.ultrarunning.com/event/superior-fall-trail-races,09/09/16,75,8:38:01,11:43:18,50 Miles,3,4
Minnesota,Superior Fall Trail Races,Two Harbors,https://calendar.ultrarunning.com/event/superior-fall-trail-races,09/11/15,106,9:04:01,10:53:48,50 Miles,3,4
Minnesota,Superior Fall Trail Races,Two Harbors,https://calendar.ultrarunning.com/event/superior-fall-trail-races,09/05/14,107,8:56:33,11:52:51,50 Miles,3,4
Minnesota,Superior Fall Trail Races,Two Harbors,https://calendar.ultrarunning.com/event/superior-fall-trail-races,09/07/13,80,9:31:55,12:03:24,50 Miles,3,4
Minnesota,Superior Fall Trail Races,Two Harbors,https://calendar.ultrarunning.com/event/superior-fall-trail-races,09/08/12,74,8:53:19,11:54:04,50 Miles,3,4
Minnesota,Superior Fall Trail Races,Two Harbors,https://calendar.ultrarunning.com/event/superior-fall-trail-races,09/09/11,52,9:52:50,10:03:54,50 Miles,3,4
Minnesota,Superior Fall Trail Races,Two Harbors,https://calendar.ultrarunning.com/event/superior-fall-trail-races,09/11/10,42,9:09:18,13:04:17,50 Miles,3,4
Minnesota,Superior Fall Trail Races,Two Harbors,https://calendar.ultrarunning.com/event/superior-fall-trail-races,09/11/09,54,9:32:35,10:52:43,50 Miles,3,4
Minnesota,Superior Fall Trail Races,Two Harbors,https://calendar.ultrarunning.com/event/superior-fall-trail-races,09/05/08,34,10:08:00,12:27:08,50 Miles,3,4
Minnesota,Superior Fall Trail Races,Two Harbors,https://calendar.ultrarunning.com/event/superior-fall-trail-races,09/07/07,36,7:59:16,9:40:03,50 Miles,3,4
Minnesota,Superior Fall Trail Races,Two Harbors,https://calendar.ultrarunning.com/event/superior-fall-trail-races,09/08/06,42,8:34:45,9:05:39,50 Miles,3,4
Minnesota,Superior Fall Trail Races,Two Harbors,https://calendar.ultrarunning.com/event/superior-fall-trail-races,09/03/05,40,8:40:27,9:49:19,50 Miles,3,4
Minnesota,Superior Fall Trail Races,Two Harbors,https://calendar.ultrarunning.com/event/superior-fall-trail-races,09/04/04,32,9:34:00,10:22:27,50 Miles,3,4
Minnesota,Superior Fall Trail Races,Two Harbors,https://calendar.ultrarunning.com/event/superior-fall-trail-races,09/06/03,40,8:57:42,9:48:33,50 Miles,3,4
Minnesota,O'Brien 50K,Marine on St Croix,https://calendar.ultrarunning.com/event/o-brien-10-miler-and-5k,09/18/21,27,4:10:05,4:38:54,50 KM,3,2
Minnesota,O'Brien 50K,Marine on St Croix,https://calendar.ultrarunning.com/event/o-brien-10-miler-and-5k,09/20/20,27,3:16:51,5:11:07,50 KM,3,2
Minnesota,We Walk! Marathon,Saint Bonifacius,https://calendar.ultrarunning.com/event/we-walk-marathon,09/18/21,"No Results Posted. Submit
                                Results","No Results Posted. Submit
                                Results","No Results Posted. Submit
                                Results",50 KM,1,1
Minnesota,We Walk! Marathon,Saint Bonifacius,https://calendar.ultrarunning.com/event/we-walk-marathon,09/19/20,4,5:42:35,7:00:31,50 KM,1,1
Minnesota,We Walk! Marathon,Saint Bonifacius,https://calendar.ultrarunning.com/event/we-walk-marathon,09/21/19,6,6:10:55,6:53:16,50 KM,1,1
Minnesota,We Walk! Marathon,Saint Bonifacius,https://calendar.ultrarunning.com/event/we-walk-marathon,09/22/18,1,5:07:32,NA,50 KM,1,1
Minnesota,We Walk! Marathon,Saint Bonifacius,https://calendar.ultrarunning.com/event/we-walk-marathon,09/23/17,1,7:17:47,NA,50 KM,1,1
Minnesota,Grand Traverse (MN),Duluth,https://calendar.ultrarunning.com/event/grand-traverse-mn,09/25/21,45,4:34:30,5:19:30,27 Miles,3,3
Minnesota,Grand Traverse (MN),Duluth,https://calendar.ultrarunning.com/event/grand-traverse-mn,09/26/20,Race Cancelled,Race Cancelled,Race Cancelled,27 Miles,3,3
Minnesota,Grand Traverse (MN),Duluth,https://calendar.ultrarunning.com/event/grand-traverse-mn,09/28/19,61,4:57:23,5:24:13,27 Miles,3,3
Minnesota,Grand Traverse (MN),Duluth,https://calendar.ultrarunning.com/event/grand-traverse-mn,09/29/18,67,4:14:44,5:17:44,27 Miles,3,3
Minnesota,Grand Traverse (MN),Duluth,https://calendar.ultrarunning.com/event/grand-traverse-mn,09/30/17,66,4:57:53,6:13:58,27 Miles,3,3
Minnesota,Fire Tower Trail Races,Hinckley,https://calendar.ultrarunning.com/event/fire-tower-trail-races,09/18/21,7,14:46:49,14:02:07,100 KM,3,3
Minnesota,Fire Tower Trail Races,Hinckley,https://calendar.ultrarunning.com/event/fire-tower-trail-races,09/19/20,Race Cancelled,Race Cancelled,Race Cancelled,100 KM,3,3
Minnesota,Fire Tower Trail Races,Hinckley,https://calendar.ultrarunning.com/event/fire-tower-trail-races,09/18/21,26,4:17:19,5:56:33,50 KM,3,3
Minnesota,Fire Tower Trail Races,Hinckley,https://calendar.ultrarunning.com/event/fire-tower-trail-races,09/19/20,Race Cancelled,Race Cancelled,Race Cancelled,50 KM,3,3
Minnesota,Wild Duluth Races,Duluth,https://calendar.ultrarunning.com/event/wild-duluth-races,10/16/21,238,4:29:42,5:43:09,50 KM,3,4
Minnesota,Wild Duluth Races,Duluth,https://calendar.ultrarunning.com/event/wild-duluth-races,10/17/20,188,4:09:43,5:50:27,50 KM,3,4
Minnesota,Wild Duluth Races,Duluth,https://calendar.ultrarunning.com/event/wild-duluth-races,10/19/19,199,4:58:10,5:21:29,50 KM,3,4
Minnesota,Wild Duluth Races,Duluth,https://calendar.ultrarunning.com/event/wild-duluth-races,10/20/18,204,4:52:06,5:32:14,50 KM,3,4
Minnesota,Wild Duluth Races,Duluth,https://calendar.ultrarunning.com/event/wild-duluth-races,10/21/17,152,4:38:14,6:00:10,50 KM,3,4
Minnesota,Wild Duluth Races,Duluth,https://calendar.ultrarunning.com/event/wild-duluth-races,10/15/16,145,4:41:14,5:20:01,50 KM,3,4
Minnesota,Wild Duluth Races,Duluth,https://calendar.ultrarunning.com/event/wild-duluth-races,10/17/15,151,4:46:41,5:29:28,50 KM,3,4
Minnesota,Wild Duluth Races,Duluth,https://calendar.ultrarunning.com/event/wild-duluth-races,10/18/14,142,4:34:25,5:18:36,50 KM,3,4
Minnesota,Wild Duluth Races,Duluth,https://calendar.ultrarunning.com/event/wild-duluth-races,10/19/13,110,4:33:48,5:21:48,50 KM,3,4
Minnesota,Wild Duluth Races,Duluth,https://calendar.ultrarunning.com/event/wild-duluth-races,10/20/12,100,4:22:49,5:29:01,50 KM,3,4
Minnesota,Wild Duluth Races,Duluth,https://calendar.ultrarunning.com/event/wild-duluth-races,10/16/10,81,4:26:00,5:14:00,50 KM,3,4
Minnesota,Wild Duluth Races,Duluth,https://calendar.ultrarunning.com/event/wild-duluth-races,10/17/09,58,4:11:00,5:13:09,50 KM,3,4
Minnesota,Wild Duluth Races,Duluth,https://calendar.ultrarunning.com/event/wild-duluth-races,10/16/21,61,11:25:48,11:53:51,100 KM,3,4
Minnesota,Wild Duluth Races,Duluth,https://calendar.ultrarunning.com/event/wild-duluth-races,10/17/20,Race Cancelled,Race Cancelled,Race Cancelled,100 KM,3,4
Minnesota,Wild Duluth Races,Duluth,https://calendar.ultrarunning.com/event/wild-duluth-races,10/19/19,54,11:56:01,13:14:43,100 KM,3,4
Minnesota,Wild Duluth Races,Duluth,https://calendar.ultrarunning.com/event/wild-duluth-races,10/20/18,40,11:12:07,12:58:47,100 KM,3,4
Minnesota,Wild Duluth Races,Duluth,https://calendar.ultrarunning.com/event/wild-duluth-races,10/21/17,37,11:31:31,15:06:47,100 KM,3,4
Minnesota,Wild Duluth Races,Duluth,https://calendar.ultrarunning.com/event/wild-duluth-races,10/15/16,41,11:33:57,13:30:15,100 KM,3,4
Minnesota,Wild Duluth Races,Duluth,https://calendar.ultrarunning.com/event/wild-duluth-races,10/17/15,31,11:35:46,13:01:14,100 KM,3,4
Minnesota,Wild Duluth Races,Duluth,https://calendar.ultrarunning.com/event/wild-duluth-races,10/18/14,40,9:44:08,14:42:42,100 KM,3,4
Minnesota,Wild Duluth Races,Duluth,https://calendar.ultrarunning.com/event/wild-duluth-races,10/19/13,45,11:01:43,12:17:03,100 KM,3,4
Minnesota,Wild Duluth Races,Duluth,https://calendar.ultrarunning.com/event/wild-duluth-races,10/20/12,38,11:56:23,14:38:23,100 KM,3,4
Minnesota,Wild Duluth Races,Duluth,https://calendar.ultrarunning.com/event/wild-duluth-races,10/16/10,26,11:35:00,14:47:00,100 KM,3,4
Minnesota,Wild Duluth Races,Duluth,https://calendar.ultrarunning.com/event/wild-duluth-races,10/17/09,12,10:52:00,14:45:00,100 KM,3,4
Minnesota,Storm the Day (Sunrise to Sunset),Winona,https://calendar.ultrarunning.com/event/storm-the-day-sunrise-to-sunset,10/16/21,"No Results Posted. Submit
                                Results","No Results Posted. Submit
                                Results","No Results Posted. Submit
                                Results",11 Hours,2,2
Minnesota,Surf the Murph,Savage,https://calendar.ultrarunning.com/event/surf-the-murph,10/23/21,59,4:20:55,6:11:14,50 KM,3,3
Minnesota,Surf the Murph,Savage,https://calendar.ultrarunning.com/event/surf-the-murph,10/24/20,18,5:17:11,7:37:49,50 KM,3,3
Minnesota,Surf the Murph,Savage,https://calendar.ultrarunning.com/event/surf-the-murph,10/19/19,55,5:34:20,5:38:58,50 KM,3,3
Minnesota,Surf the Murph,Savage,https://calendar.ultrarunning.com/event/surf-the-murph,10/20/18,82,4:31:52,5:17:15,50 KM,3,3
Minnesota,Surf the Murph,Savage,https://calendar.ultrarunning.com/event/surf-the-murph,10/21/17,78,5:18:05,6:10:07,50 KM,3,3
Minnesota,Surf the Murph,Savage,https://calendar.ultrarunning.com/event/surf-the-murph,10/22/16,92,4:23:40,4:53:45,50 KM,3,3
Minnesota,Surf the Murph,Savage,https://calendar.ultrarunning.com/event/surf-the-murph,10/24/15,128,4:38:18,5:20:09,50 KM,3,3
Minnesota,Surf the Murph,Savage,https://calendar.ultrarunning.com/event/surf-the-murph,10/25/14,88,4:44:23,5:59:13,50 KM,3,3
Minnesota,Surf the Murph,Savage,https://calendar.ultrarunning.com/event/surf-the-murph,10/26/13,113,4:04:51,5:12:29,50 KM,3,3
Minnesota,Surf the Murph,Savage,https://calendar.ultrarunning.com/event/surf-the-murph,10/27/12,79,4:08:21,5:58:03,50 KM,3,3
Minnesota,Surf the Murph,Savage,https://calendar.ultrarunning.com/event/surf-the-murph,10/29/11,77,4:27:00,5:42:00,50 KM,3,3
Minnesota,Surf the Murph,Savage,https://calendar.ultrarunning.com/event/surf-the-murph,10/30/10,38,4:52:00,5:10:00,50 KM,3,3
Minnesota,Surf the Murph,Savage,https://calendar.ultrarunning.com/event/surf-the-murph,10/31/09,53,4:17:20,5:00:10,50 KM,3,3
Minnesota,Surf the Murph,Savage,https://calendar.ultrarunning.com/event/surf-the-murph,10/23/21,24,9:25:36,9:44:27,50 Miles,3,3
Minnesota,Surf the Murph,Savage,https://calendar.ultrarunning.com/event/surf-the-murph,10/24/20,18,9:36:20,10:04:49,50 Miles,3,3
Minnesota,Surf the Murph,Savage,https://calendar.ultrarunning.com/event/surf-the-murph,10/19/19,48,8:39:52,9:08:31,50 Miles,3,3
Minnesota,Surf the Murph,Savage,https://calendar.ultrarunning.com/event/surf-the-murph,10/20/18,41,8:28:49,8:55:19,50 Miles,3,3
Minnesota,Surf the Murph,Savage,https://calendar.ultrarunning.com/event/surf-the-murph,10/21/17,52,7:47:46,9:16:08,50 Miles,3,3
Minnesota,Surf the Murph,Savage,https://calendar.ultrarunning.com/event/surf-the-murph,10/22/16,65,7:17:29,9:46:53,50 Miles,3,3
Minnesota,Surf the Murph,Savage,https://calendar.ultrarunning.com/event/surf-the-murph,10/24/15,57,7:02:05,8:54:21,50 Miles,3,3
Minnesota,Surf the Murph,Savage,https://calendar.ultrarunning.com/event/surf-the-murph,10/25/14,86,7:28:16,8:37:19,50 Miles,3,3
Minnesota,Surf the Murph,Savage,https://calendar.ultrarunning.com/event/surf-the-murph,10/26/13,62,6:46:45,7:44:10,50 Miles,3,3
Minnesota,Surf the Murph,Savage,https://calendar.ultrarunning.com/event/surf-the-murph,10/27/12,51,6:55:43,10:32:55,50 Miles,3,3
Minnesota,Surf the Murph,Savage,https://calendar.ultrarunning.com/event/surf-the-murph,10/29/11,49,7:58:00,11:10:00,50 Miles,3,3
Minnesota,Surf the Murph,Savage,https://calendar.ultrarunning.com/event/surf-the-murph,10/30/10,31,7:23:00,8:50:00,50 Miles,3,3
Minnesota,Surf the Murph,Savage,https://calendar.ultrarunning.com/event/surf-the-murph,10/31/09,30,7:29:25,9:56:36,50 Miles,3,3
Minnesota,Loopet Loppet,Minneapolis,https://calendar.ultrarunning.com/event/loopet-loppet,10/09/21,61,63.1,61.1,12 Hours,3,2
Minnesota,Loopet Loppet,Minneapolis,https://calendar.ultrarunning.com/event/loopet-loppet,10/10/20,Race Cancelled,Race Cancelled,Race Cancelled,12 Hours,3,2
Minnesota,Loopet Loppet,Minneapolis,https://calendar.ultrarunning.com/event/loopet-loppet,10/13/19,54,63,54,12 Hours,3,2
Minnesota,Loopet Loppet,Minneapolis,https://calendar.ultrarunning.com/event/loopet-loppet,10/20/18,32,61,52,12 Hours,3,2
Minnesota,Loopet Loppet,Minneapolis,https://calendar.ultrarunning.com/event/loopet-loppet,10/09/21,4,31.5,31.5,6 Hours,3,2
Minnesota,Loopet Loppet,Minneapolis,https://calendar.ultrarunning.com/event/loopet-loppet,10/13/19,No Finishers,No Finishers,No Finishers,6 Hours,3,2
Minnesota,St. Croix 40 Winter Ultra,Hinckley,https://calendar.ultrarunning.com/event/st-croix-40-winter-ultra,01/15/22,38,5:59:00,10:33:00,40 Miles,3,3
Minnesota,St. Croix 40 Winter Ultra,Hinckley,https://calendar.ultrarunning.com/event/st-croix-40-winter-ultra,01/16/21,Race Cancelled,Race Cancelled,Race Cancelled,40 Miles,3,3
Minnesota,St. Croix 40 Winter Ultra,Hinckley,https://calendar.ultrarunning.com/event/st-croix-40-winter-ultra,01/11/20,38,6:29:50,7:12:58,40 Miles,3,3
Minnesota,St. Croix 40 Winter Ultra,Hinckley,https://calendar.ultrarunning.com/event/st-croix-40-winter-ultra,01/12/19,41,6:47:00,7:34:31,40 Miles,3,3
Minnesota,Arrowhead 135,International Falls,https://calendar.ultrarunning.com/event/arrowhead-135,01/31/22,31,28:27:00,33:05:00,135 Miles,NA,NA
Minnesota,Arrowhead 135,International Falls,https://calendar.ultrarunning.com/event/arrowhead-135,01/25/21,Race Cancelled,Race Cancelled,Race Cancelled,135 Miles,NA,NA
Minnesota,Arrowhead 135,International Falls,https://calendar.ultrarunning.com/event/arrowhead-135,01/27/20,46,30:45:00,44:40:00,135 Miles,NA,NA
Minnesota,Arrowhead 135,International Falls,https://calendar.ultrarunning.com/event/arrowhead-135,01/28/19,13,36:09:00,2d 00:34:00,135 Miles,NA,NA
Minnesota,Arrowhead 135,International Falls,https://calendar.ultrarunning.com/event/arrowhead-135,01/29/18,38,38:00:00,42:58:00,135 Miles,NA,NA
Minnesota,Arrowhead 135,International Falls,https://calendar.ultrarunning.com/event/arrowhead-135,01/30/17,38,36:01:00,44:05:00,135 Miles,NA,NA
Minnesota,Arrowhead 135,International Falls,https://calendar.ultrarunning.com/event/arrowhead-135,01/25/16,28,42:26:00,NA,135 Miles,NA,NA
Minnesota,Arrowhead 135,International Falls,https://calendar.ultrarunning.com/event/arrowhead-135,01/26/15,44,34:20:00,42:31:00,135 Miles,NA,NA
Minnesota,Arrowhead 135,International Falls,https://calendar.ultrarunning.com/event/arrowhead-135,01/26/14,17,43:26:00,47:59:00,135 Miles,NA,NA
Minnesota,Arrowhead 135,International Falls,https://calendar.ultrarunning.com/event/arrowhead-135,01/26/13,7,45:40:00,NA,135 Miles,NA,NA
Minnesota,Arrowhead 135,International Falls,https://calendar.ultrarunning.com/event/arrowhead-135,01/30/12,28,37:16:00,2d 07:56:00,135 Miles,NA,NA
Minnesota,Arrowhead 135,International Falls,https://calendar.ultrarunning.com/event/arrowhead-135,01/31/11,20,44:32:00,2d 09:38:00,135 Miles,NA,NA
Minnesota,Arrowhead 135,International Falls,https://calendar.ultrarunning.com/event/arrowhead-135,02/01/10,19,37:59:00,NA,135 Miles,NA,NA
Minnesota,Arrowhead 135,International Falls,https://calendar.ultrarunning.com/event/arrowhead-135,02/02/09,8,46:55:00,NA,135 Miles,NA,NA
Minnesota,Arrowhead 135,International Falls,https://calendar.ultrarunning.com/event/arrowhead-135,02/04/08,10,40:32:00,2d 08:44:00,135 Miles,NA,NA
Minnesota,Arrowhead 135,International Falls,https://calendar.ultrarunning.com/event/arrowhead-135,02/05/07,1,NA,2d 09:07:00,135 Miles,NA,NA
Minnesota,Arrowhead 135,International Falls,https://calendar.ultrarunning.com/event/arrowhead-135,02/08/06,2,2d 05:00:05,NA,135 Miles,NA,NA
Minnesota,Ring of Fire Endurance Run,Andover,https://calendar.ultrarunning.com/event/ring-of-fire-endurance-run,10/30/21,"No Results Posted. Submit
                                Results","No Results Posted. Submit
                                Results","No Results Posted. Submit
                                Results",12 Hours,NA,NA
Minnesota,Savage 100,Savage,https://calendar.ultrarunning.com/event/savage-100,10/23/21,16,13:44:31,14:21:35,100 KM,NA,NA
Minnesota,Savage 100,Savage,https://calendar.ultrarunning.com/event/savage-100,10/19/19,8,12:19:47,12:48:22,100 KM,NA,NA
Minnesota,Savage 100,Savage,https://calendar.ultrarunning.com/event/savage-100,05/17/14,2,NA,17:16:59,100 KM,NA,NA
Minnesota,Savage 100,Savage,https://calendar.ultrarunning.com/event/savage-100,10/23/21,15,21:19:10,23:37:18,100 Miles,NA,NA
Minnesota,Savage 100,Savage,https://calendar.ultrarunning.com/event/savage-100,10/19/19,25,18:42:25,31:03:41,100 Miles,NA,NA
Minnesota,Savage 100,Savage,https://calendar.ultrarunning.com/event/savage-100,05/17/14,29,17:52:07,23:48:28,100 Miles,NA,NA
Minnesota,Night Owl Shuffle,Lake Elmo,https://calendar.ultrarunning.com/event/night-owl-shuffle,10/02/21,14,38.85,35.5,6 Hours,NA,NA
Minnesota,Night Owl Shuffle,Lake Elmo,https://calendar.ultrarunning.com/event/night-owl-shuffle,10/03/20,Race Cancelled,Race Cancelled,Race Cancelled,6 Hours,NA,NA
Minnesota,Night Owl Shuffle,Lake Elmo,https://calendar.ultrarunning.com/event/night-owl-shuffle,10/05/19,12,41.2,34.35,6 Hours,NA,NA
Minnesota,Night Owl Shuffle,Lake Elmo,https://calendar.ultrarunning.com/event/night-owl-shuffle,10/06/18,15,42.2,31.15,6 Hours,NA,NA
Minnesota,Night Owl Shuffle,Lake Elmo,https://calendar.ultrarunning.com/event/night-owl-shuffle,09/23/17,3,35.5,24.45,6 Hours,NA,NA
Minnesota,Night Owl Shuffle,Lake Elmo,https://calendar.ultrarunning.com/event/night-owl-shuffle,10/10/15,10,36.45,31.8,6 Hours,NA,NA
Minnesota,Night Owl Shuffle,Lake Elmo,https://calendar.ultrarunning.com/event/night-owl-shuffle,10/11/14,9,44.5,34.15,6 Hours,NA,NA
Minnesota,Chester Woods,Eyota,https://calendar.ultrarunning.com/event/chester-woods,06/06/21,36,4:11:58,5:21:43,50 KM,NA,NA
Minnesota,Chester Woods,Eyota,https://calendar.ultrarunning.com/event/chester-woods,11/08/20,44,3:51:35,4:20:34,50 KM,NA,NA
Minnesota,Chester Woods,Eyota,https://calendar.ultrarunning.com/event/chester-woods,06/01/19,63,3:47:40,4:28:47,50 KM,NA,NA
Minnesota,Chester Woods,Eyota,https://calendar.ultrarunning.com/event/chester-woods,06/02/18,48,3:54:34,4:53:57,50 KM,NA,NA
Minnesota,Chester Woods,Eyota,https://calendar.ultrarunning.com/event/chester-woods,06/03/17,61,4:08:25,5:14:12,50 KM,NA,NA
Minnesota,Chester Woods,Eyota,https://calendar.ultrarunning.com/event/chester-woods,06/04/16,43,3:28:41,5:10:13,50 KM,NA,NA
Minnesota,Chester Woods,Eyota,https://calendar.ultrarunning.com/event/chester-woods,06/06/15,55,3:58:38,4:49:46,50 KM,NA,NA
Minnesota,Chester Woods,Eyota,https://calendar.ultrarunning.com/event/chester-woods,06/07/14,90,3:57:45,5:01:08,50 KM,NA,NA
Minnesota,Chester Woods,Eyota,https://calendar.ultrarunning.com/event/chester-woods,06/01/13,37,4:30:06,5:26:12,50 KM,NA,NA
Minnesota,Chester Woods,Eyota,https://calendar.ultrarunning.com/event/chester-woods,06/02/12,31,3:57:32,5:20:55,50 KM,NA,NA
Minnesota,Chester Woods,Eyota,https://calendar.ultrarunning.com/event/chester-woods,06/04/11,22,4:02:04,5:05:26,50 KM,NA,NA
Minnesota,Chester Woods,Eyota,https://calendar.ultrarunning.com/event/chester-woods,06/06/21,12,7:54:01,11:22:48,50 Miles,NA,NA
Minnesota,Growing Green Trail Runs,Rush City,https://calendar.ultrarunning.com/event/growing-green-trail-runs,05/30/21,"No Results Posted. Submit
                                Results","No Results Posted. Submit
                                Results","No Results Posted. Submit
                                Results",12 Hours,NA,NA
Minnesota,Growing Green Trail Runs,Rush City,https://calendar.ultrarunning.com/event/growing-green-trail-runs,05/24/20,Race Cancelled,Race Cancelled,Race Cancelled,12 Hours,NA,NA
Minnesota,Growing Green Trail Runs,Rush City,https://calendar.ultrarunning.com/event/growing-green-trail-runs,05/25/19,1,51,NA,12 Hours,NA,NA
Minnesota,Growing Green Trail Runs,Rush City,https://calendar.ultrarunning.com/event/growing-green-trail-runs,05/27/18,3,54,27,12 Hours,NA,NA
Minnesota,Growing Green Trail Runs,Rush City,https://calendar.ultrarunning.com/event/growing-green-trail-runs,05/30/21,"No Results Posted. Submit
                                Results","No Results Posted. Submit
                                Results","No Results Posted. Submit
                                Results",6 Hours,NA,NA
Minnesota,Growing Green Trail Runs,Rush City,https://calendar.ultrarunning.com/event/growing-green-trail-runs,05/24/20,Race Cancelled,Race Cancelled,Race Cancelled,6 Hours,NA,NA
Minnesota,Growing Green Trail Runs,Rush City,https://calendar.ultrarunning.com/event/growing-green-trail-runs,05/25/19,3,32.25,NA,6 Hours,NA,NA
Minnesota,Growing Green Trail Runs,Rush City,https://calendar.ultrarunning.com/event/growing-green-trail-runs,05/27/18,5,33,32.25,6 Hours,NA,NA
Minnesota,Warrior's Choice 50K,Little Falls,https://calendar.ultrarunning.com/event/warrior-s-choice-50k,09/26/20,Race Cancelled,Race Cancelled,Race Cancelled,50 KM,NA,NA
Minnesota,VoyageurQuest Stage Race,Grand Marais,https://calendar.ultrarunning.com/event/voyageurquest-stage-race,08/21/20,Race Cancelled,Race Cancelled,Race Cancelled,75 Miles,NA,NA
Minnesota,Chester Park Trail Race,Duluth,https://calendar.ultrarunning.com/event/chester-park-trail-race,06/28/20,Race Cancelled,Race Cancelled,Race Cancelled,6 Hours,NA,NA
Minnesota,Chester Park Trail Race,Duluth,https://calendar.ultrarunning.com/event/chester-park-trail-race,06/30/19,12,37.2,31,6 Hours,NA,NA
Minnesota,Sandlot Marathon,Elk River,https://calendar.ultrarunning.com/event/sandlot-marathon,03/14/20,Race Cancelled,Race Cancelled,Race Cancelled,9 Hours,NA,NA
Minnesota,Captn Karls - the Lake,Carlton,https://calendar.ultrarunning.com/event/captn-karls-the-lake,07/16/11,51,5:44:32,8:21:15,60 KM,NA,NA
Minnesota,Captn Karls - the Lake,Carlton,https://calendar.ultrarunning.com/event/captn-karls-the-lake,07/24/10,46,5:43:00,6:37:52,60 KM,NA,NA
Minnesota,Edmund Fitzgerald,Duluth,https://calendar.ultrarunning.com/event/edmund-fitzgerald,10/14/06,23,8:08:47,9:25:58,100 KM,NA,NA
Minnesota,Edmund Fitzgerald,Duluth,https://calendar.ultrarunning.com/event/edmund-fitzgerald,10/15/05,29,7:12:25,8:00:28,100 KM,NA,NA
Minnesota,Edmund Fitzgerald,Duluth,https://calendar.ultrarunning.com/event/edmund-fitzgerald,10/16/04,27,7:32:26,9:08:01,100 KM,NA,NA
Minnesota,Edmund Fitzgerald,Duluth,https://calendar.ultrarunning.com/event/edmund-fitzgerald,10/14/03,29,7:58:29,10:26:07,100 KM,NA,NA
Minnesota,Edmund Fitzgerald,Duluth,https://calendar.ultrarunning.com/event/edmund-fitzgerald,10/12/02,46,7:09:29,8:30:32,100 KM,NA,NA
Minnesota,Edmund Fitzgerald,Duluth,https://calendar.ultrarunning.com/event/edmund-fitzgerald,10/13/01,36,7:46:38,8:35:07,100 KM,NA,NA
Minnesota,Edmund Fitzgerald,Duluth,https://calendar.ultrarunning.com/event/edmund-fitzgerald,10/18/97,8,7:39:05,9:07:02,100 KM,NA,NA
Minnesota,Edmund Fitzgerald,Duluth,https://calendar.ultrarunning.com/event/edmund-fitzgerald,10/27/90,125,6:34:02,7:55:08,100 KM,NA,NA
Minnesota,Edmund Fitzgerald,Duluth,https://calendar.ultrarunning.com/event/edmund-fitzgerald,10/27/90,27,3:02:16,4:21:59,50 KM,NA,NA
Minnesota,BB 50 Mile Ultramarathon,White Rock,https://calendar.ultrarunning.com/event/bb-50-mile-ultramarathon,05/08/04,5,7:58:51,9:52:34,50 Miles,NA,NA
Minnesota,BB 50 Mile Ultramarathon,White Rock,https://calendar.ultrarunning.com/event/bb-50-mile-ultramarathon,05/10/03,6,8:11:55,9:19:08,50 Miles,NA,NA
Minnesota,BB 50 Mile Ultramarathon,White Rock,https://calendar.ultrarunning.com/event/bb-50-mile-ultramarathon,05/11/02,6,8:38:40,9:16:31,50 Miles,NA,NA
Minnesota,BB 50 Mile Ultramarathon,White Rock,https://calendar.ultrarunning.com/event/bb-50-mile-ultramarathon,05/12/01,4,7:12:05,7:16:12,50 Miles,NA,NA
Minnesota,BB 50 Mile Ultramarathon,White Rock,https://calendar.ultrarunning.com/event/bb-50-mile-ultramarathon,05/21/00,4,9:30:20,9:50:43,50 Miles,NA,NA
Minnesota,BB 50 Mile Ultramarathon,White Rock,https://calendar.ultrarunning.com/event/bb-50-mile-ultramarathon,05/08/99,6,7:55:23,8:54:44,50 Miles,NA,NA
Minnesota,BB 50 Mile Ultramarathon,White Rock,https://calendar.ultrarunning.com/event/bb-50-mile-ultramarathon,05/09/98,7,8:42:36,10:43:23,50 Miles,NA,NA
Minnesota,BB 50 Mile Ultramarathon,White Rock,https://calendar.ultrarunning.com/event/bb-50-mile-ultramarathon,05/10/97,11,6:52:27,12:26:41,50 Miles,NA,NA
Minnesota,BB 50 Mile Ultramarathon,White Rock,https://calendar.ultrarunning.com/event/bb-50-mile-ultramarathon,04/29/95,9,7:08:17,13:06:25,50 Miles,NA,NA
Minnesota,BB 50 Mile Ultramarathon,White Rock,https://calendar.ultrarunning.com/event/bb-50-mile-ultramarathon,04/30/94,7,6:52:06,NA,50 Miles,NA,NA
Minnesota,BB 50 Mile Ultramarathon,White Rock,https://calendar.ultrarunning.com/event/bb-50-mile-ultramarathon,05/15/93,6,6:59:14,NA,50 Miles,NA,NA
Minnesota,Minnesota TAC 100 Km Championship,Garrison,https://calendar.ultrarunning.com/event/minnesota-tac-100-km-championship,05/03/81,11,7:37:49,11:19:33,100 KM,NA,NA
